lat,lon,timezone,timezone_offset,data,City
44.4939,11.3428,Europe/Rome,7200,"[{'dt': 1697148000, 'sunrise': 1697174782, 'sunset': 1697214915, 'temp': 18.1, 'feels_like': 18.16, 'pressure': 1020, 'humidity': 84, 'dew_point': 15.36, 'clouds': 0, 'visibility': 10000, 'wind_speed': 3.09, 'wind_deg': 210, 'weather': [{'id': 800, 'main': 'Clear', 'description': 'clear sky', 'icon': '01n'}]}]",Bologna
44.4939,11.3428,Europe/Rome,7200,"[{'dt': 1697151600, 'sunrise': 1697174782, 'sunset': 1697214915, 'temp': 18.3, 'feels_like': 18.33, 'pressure': 1020, 'humidity': 82, 'dew_point': 15.18, 'clouds': 0, 'visibility': 10000, 'wind_speed': 3.09, 'wind_deg': 200, 'weather': [{'id': 800, 'main': 'Clear', 'description': 'clear sky', 'icon': '01n'}]}]",Bologna
44.4939,11.3428,Europe/Rome,7200,"[{'dt': 1697155200, 'sunrise': 1697174782, 'sunset': 1697214915, 'temp': 18.84, 'feels_like': 18.82, 'pressure': 1020, 'humidity': 78, 'dew_point': 14.93, 'clouds': 75, 'visibility': 10000, 'wind_speed': 3.6, 'wind_deg': 190, 'weather': [{'id': 803, 'main': 'Clouds', 'description': 'broken clouds', 'icon': '04n'}]}]",Bologna
44.4939,11.3428,Europe/Rome,7200,"[{'dt': 1697158800, 'sunrise': 1697174782, 'sunset': 1697214915, 'temp': 18.42, 'feels_like': 18.38, 'pressure': 1020, 'humidity': 79, 'dew_point': 14.71, 'clouds': 40, 'visibility': 10000, 'wind_speed': 3.6, 'wind_deg': 190, 'weather': [{'id': 802, 'main': 'Clouds', 'description': 'scattered clouds', 'icon': '03n'}]}]",Bologna
44.4939,11.3428,Europe/Rome,7200,"[{'dt': 1697162400, 'sunrise': 1697174782, 'sunset': 1697214915, 'temp': 18.21, 'feels_like': 18.18, 'pressure': 1020, 'humidity': 80, 'dew_point': 14.71, 'clouds': 0, 'visibility': 10000, 'wind_speed': 3.6, 'wind_deg': 190, 'weather': [{'id': 800, 'main': 'Clear', 'description': 'clear sky', 'icon': '01n'}]}]",Bologna
44.4939,11.3428,Europe/Rome,7200,"[{'dt': 1697166000, 'sunrise': 1697174782, 'sunset': 1697214915, 'temp': 17.32, 'feels_like': 17.27, 'pressure': 1020, 'humidity': 83, 'dew_point': 14.41, 'clouds': 0, 'visibility': 10000, 'wind_speed': 1.03, 'wind_deg': 0, 'weather': [{'id': 800, 'main': 'Clear', 'description': 'clear sky', 'icon': '01n'}]}]",Bologna
44.4939,11.3428,Europe/Rome,7200,"[{'dt': 1697169600, 'sunrise': 1697174782, 'sunset': 1697214915, 'temp': 16.64, 'feels_like': 16.55, 'pressure': 1020, 'humidity': 84, 'dew_point': 13.93, 'clouds': 0, 'visibility': 10000, 'wind_speed': 2.06, 'wind_deg': 230, 'weather': [{'id': 800, 'main': 'Clear', 'description': 'clear sky', 'icon': '01n'}]}]",Bologna
44.4939,11.3428,Europe/Rome,7200,"[{'dt': 1697173200, 'sunrise': 1697174782, 'sunset': 1697214915, 'temp': 16.07, 'feels_like': 16, 'pressure': 1020, 'humidity': 87, 'dew_point': 13.91, 'clouds': 0, 'visibility': 10000, 'wind_speed': 2.06, 'wind_deg': 250, 'weather': [{'id': 800, 'main': 'Clear', 'description': 'clear sky', 'icon': '01n'}]}]",Bologna
44.4939,11.3428,Europe/Rome,7200,"[{'dt': 1697176800, 'sunrise': 1697174782, 'sunset': 1697214915, 'temp': 16.57, 'feels_like': 16.45, 'pressure': 1021, 'humidity': 83, 'dew_point': 13.67, 'clouds': 0, 'visibility': 10000, 'wind_speed': 2.06, 'wind_deg': 190, 'weather': [{'id': 800, 'main': 'Clear', 'description': 'clear sky', 'icon': '01d'}]}]",Bologna
44.4939,11.3428,Europe/Rome,7200,"[{'dt': 1697180400, 'sunrise': 1697174782, 'sunset': 1697214915, 'temp': 18.35, 'feels_like': 18.25, 'pressure': 1021, 'humidity': 77, 'dew_point': 14.25, 'clouds': 0, 'visibility': 10000, 'wind_speed': 3.09, 'wind_deg': 200, 'weather': [{'id': 800, 'main': 'Clear', 'description': 'clear sky', 'icon': '01d'}]}]",Bologna
44.4939,11.3428,Europe/Rome,7200,"[{'dt': 1697184000, 'sunrise': 1697174782, 'sunset': 1697214915, 'temp': 20.65, 'feels_like': 20.57, 'pressure': 1022, 'humidity': 69, 'dew_point': 14.77, 'clouds': 20, 'visibility': 10000, 'wind_speed': 2.57, 'wind_deg': 200, 'weather': [{'id': 801, 'main': 'Clouds', 'description': 'few clouds', 'icon': '02d'}]}]",Bologna
44.4939,11.3428,Europe/Rome,7200,"[{'dt': 1697187600, 'sunrise': 1697174782, 'sunset': 1697214915, 'temp': 21.4, 'feels_like': 21.35, 'pressure': 1022, 'humidity': 67, 'dew_point': 15.02, 'clouds': 75, 'visibility': 10000, 'wind_speed': 2.06, 'wind_deg': 210, 'weather': [{'id': 803, 'main': 'Clouds', 'description': 'broken clouds', 'icon': '04d'}]}]",Bologna
44.4939,11.3428,Europe/Rome,7200,"[{'dt': 1697191200, 'sunrise': 1697174782, 'sunset': 1697214915, 'temp': 23.21, 'feels_like': 23.21, 'pressure': 1022, 'humidity': 62, 'dew_point': 15.53, 'clouds': 40, 'visibility': 10000, 'wind_speed': 2.06, 'wind_deg': 210, 'weather': [{'id': 802, 'main': 'Clouds', 'description': 'scattered clouds', 'icon': '03d'}]}]",Bologna
44.4939,11.3428,Europe/Rome,7200,"[{'dt': 1697194800, 'sunrise': 1697174782, 'sunset': 1697214915, 'temp': 24.48, 'feels_like': 24.52, 'pressure': 1021, 'humidity': 59, 'dew_point': 15.95, 'clouds': 20, 'visibility': 10000, 'wind_speed': 1.03, 'wind_deg': 0, 'weather': [{'id': 801, 'main': 'Clouds', 'description': 'few clouds', 'icon': '02d'}]}]",Bologna
44.4939,11.3428,Europe/Rome,7200,"[{'dt': 1697198400, 'sunrise': 1697174782, 'sunset': 1697214915, 'temp': 25.14, 'feels_like': 25.17, 'pressure': 1021, 'humidity': 56, 'dew_point': 15.75, 'clouds': 20, 'visibility': 10000, 'wind_speed': 1.54, 'wind_deg': 350, 'weather': [{'id': 801, 'main': 'Clouds', 'description': 'few clouds', 'icon': '02d'}]}]",Bologna
44.4939,11.3428,Europe/Rome,7200,"[{'dt': 1697202000, 'sunrise': 1697174782, 'sunset': 1697214915, 'temp': 25.59, 'feels_like': 25.64, 'pressure': 1020, 'humidity': 55, 'dew_point': 15.89, 'clouds': 20, 'visibility': 10000, 'wind_speed': 2.57, 'wind_deg': 40, 'weather': [{'id': 801, 'main': 'Clouds', 'description': 'few clouds', 'icon': '02d'}]}]",Bologna
44.4939,11.3428,Europe/Rome,7200,"[{'dt': 1697205600, 'sunrise': 1697174782, 'sunset': 1697214915, 'temp': 25.49, 'feels_like': 25.48, 'pressure': 1019, 'humidity': 53, 'dew_point': 15.22, 'clouds': 20, 'visibility': 10000, 'wind_speed': 1.54, 'wind_deg': 0, 'weather': [{'id': 801, 'main': 'Clouds', 'description': 'few clouds', 'icon': '02d'}]}]",Bologna
44.4939,11.3428,Europe/Rome,7200,"[{'dt': 1697209200, 'sunrise': 1697174782, 'sunset': 1697214915, 'temp': 25.3, 'feels_like': 25.3, 'pressure': 1019, 'humidity': 54, 'dew_point': 15.33, 'clouds': 0, 'visibility': 10000, 'wind_speed': 2.06, 'wind_deg': 90, 'weather': [{'id': 800, 'main': 'Clear', 'description': 'clear sky', 'icon': '01d'}]}]",Bologna
44.4939,11.3428,Europe/Rome,7200,"[{'dt': 1697212800, 'sunrise': 1697174782, 'sunset': 1697214915, 'temp': 24.66, 'feels_like': 24.64, 'pressure': 1019, 'humidity': 56, 'dew_point': 15.3, 'clouds': 0, 'visibility': 10000, 'wind_speed': 2.06, 'wind_deg': 80, 'weather': [{'id': 800, 'main': 'Clear', 'description': 'clear sky', 'icon': '01d'}]}]",Bologna
44.4939,11.3428,Europe/Rome,7200,"[{'dt': 1697216400, 'sunrise': 1697174782, 'sunset': 1697214915, 'temp': 22.12, 'feels_like': 22.14, 'pressure': 1019, 'humidity': 67, 'dew_point': 15.71, 'clouds': 0, 'visibility': 10000, 'wind_speed': 1.54, 'wind_deg': 80, 'weather': [{'id': 800, 'main': 'Clear', 'description': 'clear sky', 'icon': '01n'}]}]",Bologna
44.4939,11.3428,Europe/Rome,7200,"[{'dt': 1697220000, 'sunrise': 1697174782, 'sunset': 1697214915, 'temp': 20.1, 'feels_like': 20.05, 'pressure': 1018, 'humidity': 72, 'dew_point': 14.9, 'clouds': 0, 'visibility': 10000, 'wind_speed': 1.54, 'wind_deg': 30, 'weather': [{'id': 800, 'main': 'Clear', 'description': 'clear sky', 'icon': '01n'}]}]",Bologna
44.4939,11.3428,Europe/Rome,7200,"[{'dt': 1697223600, 'sunrise': 1697174782, 'sunset': 1697214915, 'temp': 19.25, 'feels_like': 19.19, 'pressure': 1018, 'humidity': 75, 'dew_point': 14.71, 'clouds': 0, 'visibility': 10000, 'wind_speed': 2.06, 'wind_deg': 100, 'weather': [{'id': 800, 'main': 'Clear', 'description': 'clear sky', 'icon': '01n'}]}]",Bologna
44.4939,11.3428,Europe/Rome,7200,"[{'dt': 1697227200, 'sunrise': 1697174782, 'sunset': 1697214915, 'temp': 20.21, 'feels_like': 20.06, 'pressure': 1019, 'humidity': 68, 'dew_point': 14.12, 'clouds': 0, 'visibility': 10000, 'wind_speed': 2.57, 'wind_deg': 240, 'weather': [{'id': 800, 'main': 'Clear', 'description': 'clear sky', 'icon': '01n'}]}]",Bologna
44.4939,11.3428,Europe/Rome,7200,"[{'dt': 1697230800, 'sunrise': 1697174782, 'sunset': 1697214915, 'temp': 19.67, 'feels_like': 19.47, 'pressure': 1018, 'humidity': 68, 'dew_point': 13.61, 'clouds': 0, 'visibility': 10000, 'wind_speed': 2.57, 'wind_deg': 220, 'weather': [{'id': 800, 'main': 'Clear', 'description': 'clear sky', 'icon': '01n'}]}]",Bologna
44.4939,11.3428,Europe/Rome,7200,"[{'dt': 1697234400, 'sunrise': 1697261258, 'sunset': 1697301210, 'temp': 19.04, 'feels_like': 18.78, 'pressure': 1019, 'humidity': 68, 'dew_point': 13, 'clouds': 0, 'visibility': 10000, 'wind_speed': 2.57, 'wind_deg': 210, 'weather': [{'id': 800, 'main': 'Clear', 'description': 'clear sky', 'icon': '01n'}]}]",Bologna
44.4939,11.3428,Europe/Rome,7200,"[{'dt': 1697238000, 'sunrise': 1697261258, 'sunset': 1697301210, 'temp': 18.13, 'feels_like': 17.83, 'pressure': 1018, 'humidity': 70, 'dew_point': 12.58, 'clouds': 0, 'visibility': 10000, 'wind_speed': 3.09, 'wind_deg': 200, 'weather': [{'id': 800, 'main': 'Clear', 'description': 'clear sky', 'icon': '01n'}]}]",Bologna
44.4939,11.3428,Europe/Rome,7200,"[{'dt': 1697241600, 'sunrise': 1697261258, 'sunset': 1697301210, 'temp': 17.86, 'feels_like': 17.48, 'pressure': 1018, 'humidity': 68, 'dew_point': 11.88, 'clouds': 0, 'visibility': 10000, 'wind_speed': 1.03, 'wind_deg': 0, 'weather': [{'id': 800, 'main': 'Clear', 'description': 'clear sky', 'icon': '01n'}]}]",Bologna
44.4939,11.3428,Europe/Rome,7200,"[{'dt': 1697245200, 'sunrise': 1697261258, 'sunset': 1697301210, 'temp': 18.29, 'feels_like': 17.85, 'pressure': 1017, 'humidity': 64, 'dew_point': 11.37, 'clouds': 0, 'visibility': 10000, 'wind_speed': 2.06, 'wind_deg': 230, 'weather': [{'id': 800, 'main': 'Clear', 'description': 'clear sky', 'icon': '01n'}]}]",Bologna
44.4939,11.3428,Europe/Rome,7200,"[{'dt': 1697248800, 'sunrise': 1697261258, 'sunset': 1697301210, 'temp': 16.72, 'feels_like': 16.2, 'pressure': 1016, 'humidity': 67, 'dew_point': 10.57, 'clouds': 0, 'visibility': 10000, 'wind_speed': 2.06, 'wind_deg': 200, 'weather': [{'id': 800, 'main': 'Clear', 'description': 'clear sky', 'icon': '01n'}]}]",Bologna
44.4939,11.3428,Europe/Rome,7200,"[{'dt': 1697252400, 'sunrise': 1697261258, 'sunset': 1697301210, 'temp': 16.38, 'feels_like': 15.82, 'pressure': 1016, 'humidity': 67, 'dew_point': 10.24, 'clouds': 0, 'visibility': 10000, 'wind_speed': 1.54, 'wind_deg': 220, 'weather': [{'id': 800, 'main': 'Clear', 'description': 'clear sky', 'icon': '01n'}]}]",Bologna
44.4939,11.3428,Europe/Rome,7200,"[{'dt': 1697256000, 'sunrise': 1697261258, 'sunset': 1697301210, 'temp': 15.59, 'feels_like': 15.06, 'pressure': 1016, 'humidity': 71, 'dew_point': 10.36, 'clouds': 0, 'visibility': 10000, 'wind_speed': 1.54, 'wind_deg': 210, 'weather': [{'id': 800, 'main': 'Clear', 'description': 'clear sky', 'icon': '01n'}]}]",Bologna
44.4939,11.3428,Europe/Rome,7200,"[{'dt': 1697259600, 'sunrise': 1697261258, 'sunset': 1697301210, 'temp': 15.77, 'feels_like': 15.28, 'pressure': 1015, 'humidity': 72, 'dew_point': 10.74, 'clouds': 0, 'visibility': 10000, 'wind_speed': 2.57, 'wind_deg': 210, 'weather': [{'id': 800, 'main': 'Clear', 'description': 'clear sky', 'icon': '01n'}]}]",Bologna
44.4939,11.3428,Europe/Rome,7200,"[{'dt': 1697263200, 'sunrise': 1697261258, 'sunset': 1697301210, 'temp': 15.59, 'feels_like': 15.14, 'pressure': 1016, 'humidity': 74, 'dew_point': 10.98, 'clouds': 0, 'visibility': 10000, 'wind_speed': 2.57, 'wind_deg': 210, 'weather': [{'id': 800, 'main': 'Clear', 'description': 'clear sky', 'icon': '01d'}]}]",Bologna
44.4939,11.3428,Europe/Rome,7200,"[{'dt': 1697266800, 'sunrise': 1697261258, 'sunset': 1697301210, 'temp': 18.27, 'feels_like': 17.95, 'pressure': 1016, 'humidity': 69, 'dew_point': 12.49, 'clouds': 0, 'visibility': 10000, 'wind_speed': 2.57, 'wind_deg': 200, 'weather': [{'id': 800, 'main': 'Clear', 'description': 'clear sky', 'icon': '01d'}]}]",Bologna
44.4939,11.3428,Europe/Rome,7200,"[{'dt': 1697270400, 'sunrise': 1697261258, 'sunset': 1697301210, 'temp': 21.12, 'feels_like': 20.96, 'pressure': 1016, 'humidity': 64, 'dew_point': 14.05, 'clouds': 0, 'visibility': 10000, 'wind_speed': 2.57, 'wind_deg': 210, 'weather': [{'id': 800, 'main': 'Clear', 'description': 'clear sky', 'icon': '01d'}]}]",Bologna
44.4939,11.3428,Europe/Rome,7200,"[{'dt': 1697274000, 'sunrise': 1697261258, 'sunset': 1697301210, 'temp': 22.49, 'feels_like': 22.39, 'pressure': 1016, 'humidity': 61, 'dew_point': 14.6, 'clouds': 0, 'visibility': 10000, 'wind_speed': 1.54, 'wind_deg': 220, 'weather': [{'id': 800, 'main': 'Clear', 'description': 'clear sky', 'icon': '01d'}]}]",Bologna
44.4939,11.3428,Europe/Rome,7200,"[{'dt': 1697277600, 'sunrise': 1697261258, 'sunset': 1697301210, 'temp': 24.13, 'feels_like': 24.01, 'pressure': 1015, 'humidity': 54, 'dew_point': 14.25, 'clouds': 0, 'visibility': 10000, 'wind_speed': 1.79, 'wind_deg': 66, 'wind_gust': 3.58, 'weather': [{'id': 800, 'main': 'Clear', 'description': 'clear sky', 'icon': '01d'}]}]",Bologna
44.4939,11.3428,Europe/Rome,7200,"[{'dt': 1697281200, 'sunrise': 1697261258, 'sunset': 1697301210, 'temp': 25.14, 'feels_like': 25.07, 'pressure': 1014, 'humidity': 52, 'dew_point': 14.6, 'clouds': 0, 'visibility': 10000, 'wind_speed': 2.57, 'wind_deg': 120, 'weather': [{'id': 800, 'main': 'Clear', 'description': 'clear sky', 'icon': '01d'}]}]",Bologna
44.4939,11.3428,Europe/Rome,7200,"[{'dt': 1697284800, 'sunrise': 1697261258, 'sunset': 1697301210, 'temp': 25.8, 'feels_like': 25.77, 'pressure': 1013, 'humidity': 51, 'dew_point': 14.9, 'clouds': 0, 'visibility': 10000, 'wind_speed': 3.09, 'wind_deg': 50, 'weather': [{'id': 800, 'main': 'Clear', 'description': 'clear sky', 'icon': '01d'}]}]",Bologna
44.4939,11.3428,Europe/Rome,7200,"[{'dt': 1697288400, 'sunrise': 1697261258, 'sunset': 1697301210, 'temp': 26.3, 'feels_like': 26.3, 'pressure': 1012, 'humidity': 49, 'dew_point': 14.74, 'clouds': 0, 'visibility': 10000, 'wind_speed': 2.06, 'wind_deg': 30, 'weather': [{'id': 800, 'main': 'Clear', 'description': 'clear sky', 'icon': '01d'}]}]",Bologna
44.4939,11.3428,Europe/Rome,7200,"[{'dt': 1697292000, 'sunrise': 1697261258, 'sunset': 1697301210, 'temp': 26.21, 'feels_like': 26.21, 'pressure': 1012, 'humidity': 49, 'dew_point': 14.66, 'clouds': 0, 'visibility': 10000, 'wind_speed': 2.57, 'wind_deg': 50, 'weather': [{'id': 800, 'main': 'Clear', 'description': 'clear sky', 'icon': '01d'}]}]",Bologna
44.4939,11.3428,Europe/Rome,7200,"[{'dt': 1697295600, 'sunrise': 1697261258, 'sunset': 1697301210, 'temp': 26.03, 'feels_like': 26.03, 'pressure': 1012, 'humidity': 50, 'dew_point': 14.81, 'clouds': 0, 'visibility': 10000, 'wind_speed': 2.06, 'wind_deg': 30, 'weather': [{'id': 800, 'main': 'Clear', 'description': 'clear sky', 'icon': '01d'}]}]",Bologna
44.4939,11.3428,Europe/Rome,7200,"[{'dt': 1697299200, 'sunrise': 1697261258, 'sunset': 1697301210, 'temp': 25.18, 'feels_like': 25.09, 'pressure': 1011, 'humidity': 51, 'dew_point': 14.33, 'clouds': 0, 'visibility': 10000, 'wind_speed': 1.54, 'wind_deg': 30, 'weather': [{'id': 800, 'main': 'Clear', 'description': 'clear sky', 'icon': '01d'}]}]",Bologna
44.4939,11.3428,Europe/Rome,7200,"[{'dt': 1697302800, 'sunrise': 1697261258, 'sunset': 1697301210, 'temp': 22.12, 'feels_like': 22.01, 'pressure': 1011, 'humidity': 62, 'dew_point': 14.5, 'clouds': 0, 'visibility': 10000, 'wind_speed': 0.51, 'wind_deg': 0, 'weather': [{'id': 800, 'main': 'Clear', 'description': 'clear sky', 'icon': '01n'}]}]",Bologna
44.4939,11.3428,Europe/Rome,7200,"[{'dt': 1697306400, 'sunrise': 1697261258, 'sunset': 1697301210, 'temp': 20.75, 'feels_like': 20.63, 'pressure': 1012, 'humidity': 67, 'dew_point': 14.41, 'clouds': 0, 'visibility': 10000, 'wind_speed': 1.03, 'wind_deg': 0, 'weather': [{'id': 800, 'main': 'Clear', 'description': 'clear sky', 'icon': '01n'}]}]",Bologna
44.4939,11.3428,Europe/Rome,7200,"[{'dt': 1697310000, 'sunrise': 1697261258, 'sunset': 1697301210, 'temp': 21.02, 'feels_like': 20.93, 'pressure': 1011, 'humidity': 67, 'dew_point': 14.66, 'clouds': 0, 'visibility': 10000, 'wind_speed': 1.34, 'wind_deg': 210, 'wind_gust': 2.68, 'weather': [{'id': 800, 'main': 'Clear', 'description': 'clear sky', 'icon': '01n'}]}]",Bologna
44.4939,11.3428,Europe/Rome,7200,"[{'dt': 1697313600, 'sunrise': 1697261258, 'sunset': 1697301210, 'temp': 19.22, 'feels_like': 19.03, 'pressure': 1012, 'humidity': 70, 'dew_point': 13.62, 'clouds': 0, 'visibility': 10000, 'wind_speed': 1.03, 'wind_deg': 0, 'weather': [{'id': 500, 'main': 'Rain', 'description': 'light rain', 'icon': '10n'}], 'rain': {'3h': 0.13}}]",Bologna
44.4939,11.3428,Europe/Rome,7200,"[{'dt': 1697317200, 'sunrise': 1697261258, 'sunset': 1697301210, 'temp': 19.98, 'feels_like': 19.81, 'pressure': 1012, 'humidity': 68, 'dew_point': 13.9, 'clouds': 20, 'visibility': 10000, 'wind_speed': 2.06, 'wind_deg': 230, 'weather': [{'id': 500, 'main': 'Rain', 'description': 'light rain', 'icon': '10n'}], 'rain': {'3h': 0.13}}]",Bologna
44.4939,11.3428,Europe/Rome,7200,"[{'dt': 1697320800, 'sunrise': 1697347734, 'sunset': 1697387506, 'temp': 19.02, 'feels_like': 18.83, 'pressure': 1012, 'humidity': 71, 'dew_point': 13.65, 'clouds': 0, 'visibility': 10000, 'wind_speed': 2.06, 'wind_deg': 210, 'weather': [{'id': 500, 'main': 'Rain', 'description': 'light rain', 'icon': '10n'}], 'rain': {'3h': 0.13}}]",Bologna
44.4939,11.3428,Europe/Rome,7200,"[{'dt': 1697324400, 'sunrise': 1697347734, 'sunset': 1697387506, 'temp': 19.28, 'feels_like': 19.12, 'pressure': 1011, 'humidity': 71, 'dew_point': 13.9, 'clouds': 0, 'visibility': 10000, 'wind_speed': 0.51, 'wind_deg': 0, 'weather': [{'id': 800, 'main': 'Clear', 'description': 'clear sky', 'icon': '01n'}]}]",Bologna
44.4939,11.3428,Europe/Rome,7200,"[{'dt': 1697328000, 'sunrise': 1697347734, 'sunset': 1697387506, 'temp': 18.84, 'feels_like': 18.71, 'pressure': 1011, 'humidity': 74, 'dew_point': 14.11, 'clouds': 0, 'visibility': 10000, 'wind_speed': 0.51, 'wind_deg': 0, 'weather': [{'id': 800, 'main': 'Clear', 'description': 'clear sky', 'icon': '01n'}]}]",Bologna
44.4939,11.3428,Europe/Rome,7200,"[{'dt': 1697331600, 'sunrise': 1697347734, 'sunset': 1697387506, 'temp': 18.12, 'feels_like': 17.97, 'pressure': 1010, 'humidity': 76, 'dew_point': 13.83, 'clouds': 0, 'visibility': 10000, 'wind_speed': 1.03, 'wind_deg': 0, 'weather': [{'id': 800, 'main': 'Clear', 'description': 'clear sky', 'icon': '01n'}]}]",Bologna
44.4939,11.3428,Europe/Rome,7200,"[{'dt': 1697335200, 'sunrise': 1697347734, 'sunset': 1697387506, 'temp': 17.87, 'feels_like': 17.78, 'pressure': 1009, 'humidity': 79, 'dew_point': 14.18, 'clouds': 0, 'visibility': 10000, 'wind_speed': 0.51, 'wind_deg': 0, 'weather': [{'id': 800, 'main': 'Clear', 'description': 'clear sky', 'icon': '01n'}]}]",Bologna
44.4939,11.3428,Europe/Rome,7200,"[{'dt': 1697338800, 'sunrise': 1697347734, 'sunset': 1697387506, 'temp': 17.4, 'feels_like': 17.31, 'pressure': 1009, 'humidity': 81, 'dew_point': 14.11, 'clouds': 0, 'visibility': 10000, 'wind_speed': 0.51, 'wind_deg': 0, 'weather': [{'id': 800, 'main': 'Clear', 'description': 'clear sky', 'icon': '01n'}]}]",Bologna
44.4939,11.3428,Europe/Rome,7200,"[{'dt': 1697342400, 'sunrise': 1697347734, 'sunset': 1697387506, 'temp': 16.95, 'feels_like': 16.87, 'pressure': 1009, 'humidity': 83, 'dew_point': 14.05, 'clouds': 0, 'visibility': 10000, 'wind_speed': 1.03, 'wind_deg': 0, 'weather': [{'id': 800, 'main': 'Clear', 'description': 'clear sky', 'icon': '01n'}]}]",Bologna
44.4939,11.3428,Europe/Rome,7200,"[{'dt': 1697346000, 'sunrise': 1697347734, 'sunset': 1697387506, 'temp': 16.34, 'feels_like': 16.22, 'pressure': 1009, 'humidity': 84, 'dew_point': 13.63, 'clouds': 0, 'visibility': 10000, 'wind_speed': 1.54, 'wind_deg': 220, 'weather': [{'id': 500, 'main': 'Rain', 'description': 'light rain', 'icon': '10n'}], 'rain': {'3h': 1}}]",Bologna
44.4939,11.3428,Europe/Rome,7200,"[{'dt': 1697349600, 'sunrise': 1697347734, 'sunset': 1697387506, 'temp': 15.98, 'feels_like': 15.88, 'pressure': 1009, 'humidity': 86, 'dew_point': 13.64, 'clouds': 0, 'visibility': 10000, 'wind_speed': 1.54, 'wind_deg': 230, 'weather': [{'id': 500, 'main': 'Rain', 'description': 'light rain', 'icon': '10d'}], 'rain': {'3h': 1}}]",Bologna
44.4939,11.3428,Europe/Rome,7200,"[{'dt': 1697353200, 'sunrise': 1697347734, 'sunset': 1697387506, 'temp': 18.4, 'feels_like': 18.36, 'pressure': 1009, 'humidity': 79, 'dew_point': 14.7, 'clouds': 0, 'visibility': 10000, 'wind_speed': 2.06, 'wind_deg': 240, 'weather': [{'id': 500, 'main': 'Rain', 'description': 'light rain', 'icon': '10d'}], 'rain': {'3h': 1}}]",Bologna
44.4939,11.3428,Europe/Rome,7200,"[{'dt': 1697356800, 'sunrise': 1697347734, 'sunset': 1697387506, 'temp': 20.83, 'feels_like': 20.82, 'pressure': 1009, 'humidity': 71, 'dew_point': 15.38, 'clouds': 0, 'visibility': 10000, 'wind_speed': 2.06, 'wind_deg': 270, 'weather': [{'id': 500, 'main': 'Rain', 'description': 'light rain', 'icon': '10d'}], 'rain': {'3h': 0.25}}]",Bologna
44.4939,11.3428,Europe/Rome,7200,"[{'dt': 1697360400, 'sunrise': 1697347734, 'sunset': 1697387506, 'temp': 22.1, 'feels_like': 22.17, 'pressure': 1009, 'humidity': 69, 'dew_point': 16.15, 'clouds': 0, 'visibility': 10000, 'wind_speed': 1.03, 'wind_deg': 0, 'weather': [{'id': 500, 'main': 'Rain', 'description': 'light rain', 'icon': '10d'}], 'rain': {'3h': 0.25}}]",Bologna
44.4939,11.3428,Europe/Rome,7200,"[{'dt': 1697364000, 'sunrise': 1697347734, 'sunset': 1697387506, 'temp': 22.56, 'feels_like': 22.65, 'pressure': 1009, 'humidity': 68, 'dew_point': 16.36, 'clouds': 0, 'visibility': 10000, 'wind_speed': 2.06, 'wind_deg': 300, 'weather': [{'id': 500, 'main': 'Rain', 'description': 'light rain', 'icon': '10d'}], 'rain': {'3h': 0.25}}]",Bologna
44.4939,11.3428,Europe/Rome,7200,"[{'dt': 1697367600, 'sunrise': 1697347734, 'sunset': 1697387506, 'temp': 23.02, 'feels_like': 23.1, 'pressure': 1009, 'humidity': 66, 'dew_point': 16.33, 'clouds': 0, 'visibility': 10000, 'wind_speed': 1.79, 'wind_deg': 355, 'wind_gust': 3.13, 'weather': [{'id': 800, 'main': 'Clear', 'description': 'clear sky', 'icon': '01d'}]}]",Bologna
44.4939,11.3428,Europe/Rome,7200,"[{'dt': 1697371200, 'sunrise': 1697347734, 'sunset': 1697387506, 'temp': 24.08, 'feels_like': 24.19, 'pressure': 1009, 'humidity': 63, 'dew_point': 16.6, 'clouds': 20, 'visibility': 10000, 'wind_speed': 2.57, 'wind_deg': 330, 'weather': [{'id': 801, 'main': 'Clouds', 'description': 'few clouds', 'icon': '02d'}]}]",Bologna
44.4939,11.3428,Europe/Rome,7200,"[{'dt': 1697374800, 'sunrise': 1697347734, 'sunset': 1697387506, 'temp': 24.2, 'feels_like': 24.27, 'pressure': 1009, 'humidity': 61, 'dew_point': 16.21, 'clouds': 20, 'visibility': 10000, 'wind_speed': 2.68, 'wind_deg': 325, 'wind_gust': 4.47, 'weather': [{'id': 801, 'main': 'Clouds', 'description': 'few clouds', 'icon': '02d'}]}]",Bologna
44.4939,11.3428,Europe/Rome,7200,"[{'dt': 1697378400, 'sunrise': 1697347734, 'sunset': 1697387506, 'temp': 24.46, 'feels_like': 24.5, 'pressure': 1008, 'humidity': 59, 'dew_point': 15.93, 'clouds': 20, 'visibility': 10000, 'wind_speed': 2.57, 'wind_deg': 0, 'weather': [{'id': 801, 'main': 'Clouds', 'description': 'few clouds', 'icon': '02d'}]}]",Bologna
44.4939,11.3428,Europe/Rome,7200,"[{'dt': 1697382000, 'sunrise': 1697347734, 'sunset': 1697387506, 'temp': 22.67, 'feels_like': 22.38, 'pressure': 1009, 'humidity': 53, 'dew_point': 12.61, 'clouds': 20, 'visibility': 10000, 'wind_speed': 3.09, 'wind_deg': 300, 'weather': [{'id': 801, 'main': 'Clouds', 'description': 'few clouds', 'icon': '02d'}]}]",Bologna
44.4939,11.3428,Europe/Rome,7200,"[{'dt': 1697385600, 'sunrise': 1697347734, 'sunset': 1697387506, 'temp': 19.4, 'feels_like': 19.41, 'pressure': 1010, 'humidity': 77, 'dew_point': 15.27, 'clouds': 40, 'visibility': 10000, 'wind_speed': 4.63, 'wind_deg': 40, 'weather': [{'id': 802, 'main': 'Clouds', 'description': 'scattered clouds', 'icon': '03d'}]}]",Bologna
44.4939,11.3428,Europe/Rome,7200,"[{'dt': 1697389200, 'sunrise': 1697347734, 'sunset': 1697387506, 'temp': 18.21, 'feels_like': 18.2, 'pressure': 1012, 'humidity': 81, 'dew_point': 14.9, 'clouds': 75, 'visibility': 10000, 'wind_speed': 2.57, 'wind_deg': 40, 'weather': [{'id': 803, 'main': 'Clouds', 'description': 'broken clouds', 'icon': '04n'}]}]",Bologna
44.4939,11.3428,Europe/Rome,7200,"[{'dt': 1697392800, 'sunrise': 1697347734, 'sunset': 1697387506, 'temp': 17.66, 'feels_like': 17.67, 'pressure': 1013, 'humidity': 84, 'dew_point': 14.93, 'clouds': 75, 'visibility': 10000, 'wind_speed': 3.6, 'wind_deg': 50, 'weather': [{'id': 803, 'main': 'Clouds', 'description': 'broken clouds', 'icon': '04n'}]}]",Bologna
44.4939,11.3428,Europe/Rome,7200,"[{'dt': 1697396400, 'sunrise': 1697347734, 'sunset': 1697387506, 'temp': 17.67, 'feels_like': 17.69, 'pressure': 1014, 'humidity': 84, 'dew_point': 14.94, 'clouds': 75, 'visibility': 10000, 'wind_speed': 2.57, 'wind_deg': 50, 'weather': [{'id': 803, 'main': 'Clouds', 'description': 'broken clouds', 'icon': '04n'}]}]",Bologna
44.4939,11.3428,Europe/Rome,7200,"[{'dt': 1697400000, 'sunrise': 1697347734, 'sunset': 1697387506, 'temp': 17.48, 'feels_like': 17.42, 'pressure': 1015, 'humidity': 82, 'dew_point': 14.38, 'clouds': 75, 'visibility': 10000, 'wind_speed': 3.6, 'wind_deg': 60, 'weather': [{'id': 803, 'main': 'Clouds', 'description': 'broken clouds', 'icon': '04n'}]}]",Bologna
44.4939,11.3428,Europe/Rome,7200,"[{'dt': 1697403600, 'sunrise': 1697347734, 'sunset': 1697387506, 'temp': 17.21, 'feels_like': 17.13, 'pressure': 1015, 'humidity': 82, 'dew_point': 14.11, 'clouds': 75, 'visibility': 10000, 'wind_speed': 3.6, 'wind_deg': 70, 'weather': [{'id': 803, 'main': 'Clouds', 'description': 'broken clouds', 'icon': '04n'}]}]",Bologna
44.4939,11.3428,Europe/Rome,7200,"[{'dt': 1697407200, 'sunrise': 1697434210, 'sunset': 1697473803, 'temp': 16.57, 'feels_like': 16.48, 'pressure': 1016, 'humidity': 84, 'dew_point': 13.86, 'clouds': 75, 'visibility': 10000, 'wind_speed': 5.14, 'wind_deg': 60, 'weather': [{'id': 803, 'main': 'Clouds', 'description': 'broken clouds', 'icon': '04n'}]}]",Bologna
44.4939,11.3428,Europe/Rome,7200,"[{'dt': 1697410800, 'sunrise': 1697434210, 'sunset': 1697473803, 'temp': 16.39, 'feels_like': 16.3, 'pressure': 1017, 'humidity': 85, 'dew_point': 13.86, 'clouds': 75, 'visibility': 10000, 'wind_speed': 3.6, 'wind_deg': 60, 'weather': [{'id': 300, 'main': 'Drizzle', 'description': 'light intensity drizzle', 'icon': '09n'}]}]",Bologna
44.4939,11.3428,Europe/Rome,7200,"[{'dt': 1697414400, 'sunrise': 1697434210, 'sunset': 1697473803, 'temp': 15.61, 'feels_like': 15.37, 'pressure': 1017, 'humidity': 82, 'dew_point': 12.55, 'clouds': 75, 'visibility': 10000, 'wind_speed': 4.02, 'wind_deg': 63, 'wind_gust': 7.15, 'weather': [{'id': 500, 'main': 'Rain', 'description': 'light rain', 'icon': '10n'}], 'rain': {'1h': 0.25}}]",Bologna
44.4939,11.3428,Europe/Rome,7200,"[{'dt': 1697418000, 'sunrise': 1697434210, 'sunset': 1697473803, 'temp': 15.6, 'feels_like': 15.28, 'pressure': 1017, 'humidity': 79, 'dew_point': 11.97, 'clouds': 75, 'visibility': 10000, 'wind_speed': 2.06, 'wind_deg': 30, 'weather': [{'id': 803, 'main': 'Clouds', 'description': 'broken clouds', 'icon': '04n'}]}]",Bologna
44.4939,11.3428,Europe/Rome,7200,"[{'dt': 1697421600, 'sunrise': 1697434210, 'sunset': 1697473803, 'temp': 15.26, 'feels_like': 14.88, 'pressure': 1018, 'humidity': 78, 'dew_point': 11.45, 'clouds': 0, 'visibility': 10000, 'wind_speed': 2.57, 'wind_deg': 20, 'weather': [{'id': 800, 'main': 'Clear', 'description': 'clear sky', 'icon': '01n'}]}]",Bologna
44.4939,11.3428,Europe/Rome,7200,"[{'dt': 1697425200, 'sunrise': 1697434210, 'sunset': 1697473803, 'temp': 12.6, 'feels_like': 12.06, 'pressure': 1018, 'humidity': 82, 'dew_point': 9.61, 'clouds': 20, 'visibility': 10000, 'wind_speed': 2.06, 'wind_deg': 30, 'weather': [{'id': 801, 'main': 'Clouds', 'description': 'few clouds', 'icon': '02n'}]}]",Bologna
44.4939,11.3428,Europe/Rome,7200,"[{'dt': 1697428800, 'sunrise': 1697434210, 'sunset': 1697473803, 'temp': 11.9, 'feels_like': 11.29, 'pressure': 1019, 'humidity': 82, 'dew_point': 8.93, 'clouds': 0, 'visibility': 10000, 'wind_speed': 1.03, 'wind_deg': 0, 'weather': [{'id': 800, 'main': 'Clear', 'description': 'clear sky', 'icon': '01n'}]}]",Bologna
44.4939,11.3428,Europe/Rome,7200,"[{'dt': 1697432400, 'sunrise': 1697434210, 'sunset': 1697473803, 'temp': 15.27, 'feels_like': 14.6, 'pressure': 1018, 'humidity': 67, 'dew_point': 9.19, 'clouds': 100, 'wind_speed': 3.41, 'wind_deg': 42, 'wind_gust': 7.5, 'weather': [{'id': 804, 'main': 'Clouds', 'description': 'overcast clouds', 'icon': '04n'}]}]",Bologna
44.4939,11.3428,Europe/Rome,7200,"[{'dt': 1697436000, 'sunrise': 1697434210, 'sunset': 1697473803, 'temp': 11.31, 'feels_like': 10.56, 'pressure': 1019, 'humidity': 79, 'dew_point': 7.8, 'clouds': 0, 'visibility': 10000, 'wind_speed': 1.54, 'wind_deg': 270, 'weather': [{'id': 800, 'main': 'Clear', 'description': 'clear sky', 'icon': '01d'}]}]",Bologna
44.4939,11.3428,Europe/Rome,7200,"[{'dt': 1697439600, 'sunrise': 1697434210, 'sunset': 1697473803, 'temp': 12.16, 'feels_like': 11.36, 'pressure': 1020, 'humidity': 74, 'dew_point': 7.67, 'clouds': 0, 'visibility': 10000, 'wind_speed': 1.03, 'wind_deg': 0, 'weather': [{'id': 800, 'main': 'Clear', 'description': 'clear sky', 'icon': '01d'}]}]",Bologna
44.4939,11.3428,Europe/Rome,7200,"[{'dt': 1697443200, 'sunrise': 1697434210, 'sunset': 1697473803, 'temp': 12.88, 'feels_like': 12.1, 'pressure': 1020, 'humidity': 72, 'dew_point': 7.96, 'clouds': 40, 'visibility': 10000, 'wind_speed': 2.06, 'wind_deg': 290, 'weather': [{'id': 802, 'main': 'Clouds', 'description': 'scattered clouds', 'icon': '03d'}]}]",Bologna
44.4939,11.3428,Europe/Rome,7200,"[{'dt': 1697446800, 'sunrise': 1697434210, 'sunset': 1697473803, 'temp': 12.76, 'feels_like': 12.05, 'pressure': 1020, 'humidity': 75, 'dew_point': 8.45, 'clouds': 75, 'visibility': 10000, 'wind_speed': 2.06, 'wind_deg': 270, 'weather': [{'id': 803, 'main': 'Clouds', 'description': 'broken clouds', 'icon': '04d'}]}]",Bologna
44.4939,11.3428,Europe/Rome,7200,"[{'dt': 1697450400, 'sunrise': 1697434210, 'sunset': 1697473803, 'temp': 13.59, 'feels_like': 12.83, 'pressure': 1020, 'humidity': 70, 'dew_point': 8.23, 'clouds': 75, 'visibility': 10000, 'wind_speed': 1.54, 'wind_deg': 280, 'weather': [{'id': 803, 'main': 'Clouds', 'description': 'broken clouds', 'icon': '04d'}]}]",Bologna
44.4939,11.3428,Europe/Rome,7200,"[{'dt': 1697454000, 'sunrise': 1697434210, 'sunset': 1697473803, 'temp': 14.22, 'feels_like': 13.53, 'pressure': 1020, 'humidity': 70, 'dew_point': 8.83, 'clouds': 75, 'visibility': 10000, 'wind_speed': 3.6, 'wind_deg': 260, 'weather': [{'id': 803, 'main': 'Clouds', 'description': 'broken clouds', 'icon': '04d'}]}]",Bologna
44.4939,11.3428,Europe/Rome,7200,"[{'dt': 1697457600, 'sunrise': 1697434210, 'sunset': 1697473803, 'temp': 15, 'feels_like': 14.31, 'pressure': 1019, 'humidity': 67, 'dew_point': 8.93, 'clouds': 75, 'visibility': 10000, 'wind_speed': 2.57, 'wind_deg': 260, 'weather': [{'id': 803, 'main': 'Clouds', 'description': 'broken clouds', 'icon': '04d'}]}]",Bologna
44.4939,11.3428,Europe/Rome,7200,"[{'dt': 1697461200, 'sunrise': 1697434210, 'sunset': 1697473803, 'temp': 16.32, 'feels_like': 15.6, 'pressure': 1018, 'humidity': 61, 'dew_point': 8.79, 'clouds': 75, 'visibility': 10000, 'wind_speed': 2.06, 'wind_deg': 210, 'weather': [{'id': 803, 'main': 'Clouds', 'description': 'broken clouds', 'icon': '04d'}]}]",Bologna
44.4939,11.3428,Europe/Rome,7200,"[{'dt': 1697464800, 'sunrise': 1697434210, 'sunset': 1697473803, 'temp': 16.31, 'feels_like': 15.54, 'pressure': 1018, 'humidity': 59, 'dew_point': 8.29, 'clouds': 75, 'visibility': 10000, 'wind_speed': 3.09, 'wind_deg': 90, 'weather': [{'id': 803, 'main': 'Clouds', 'description': 'broken clouds', 'icon': '04d'}]}]",Bologna
44.4939,11.3428,Europe/Rome,7200,"[{'dt': 1697468400, 'sunrise': 1697434210, 'sunset': 1697473803, 'temp': 16.4, 'feels_like': 15.61, 'pressure': 1018, 'humidity': 58, 'dew_point': 8.12, 'clouds': 75, 'visibility': 10000, 'wind_speed': 4.12, 'wind_deg': 90, 'weather': [{'id': 803, 'main': 'Clouds', 'description': 'broken clouds', 'icon': '04d'}]}]",Bologna
44.4939,11.3428,Europe/Rome,7200,"[{'dt': 1697472000, 'sunrise': 1697434210, 'sunset': 1697473803, 'temp': 16.13, 'feels_like': 15.29, 'pressure': 1018, 'humidity': 57, 'dew_point': 7.62, 'clouds': 75, 'visibility': 10000, 'wind_speed': 3.6, 'wind_deg': 70, 'weather': [{'id': 803, 'main': 'Clouds', 'description': 'broken clouds', 'icon': '04d'}]}]",Bologna
44.4939,11.3428,Europe/Rome,7200,"[{'dt': 1697475600, 'sunrise': 1697434210, 'sunset': 1697473803, 'temp': 15.58, 'feels_like': 14.71, 'pressure': 1018, 'humidity': 58, 'dew_point': 7.36, 'clouds': 75, 'visibility': 10000, 'wind_speed': 3.09, 'wind_deg': 60, 'weather': [{'id': 803, 'main': 'Clouds', 'description': 'broken clouds', 'icon': '04n'}]}]",Bologna
44.4939,11.3428,Europe/Rome,7200,"[{'dt': 1697479200, 'sunrise': 1697434210, 'sunset': 1697473803, 'temp': 14.94, 'feels_like': 13.95, 'pressure': 1018, 'humidity': 56, 'dew_point': 6.25, 'clouds': 75, 'visibility': 10000, 'wind_speed': 1.54, 'wind_deg': 40, 'weather': [{'id': 803, 'main': 'Clouds', 'description': 'broken clouds', 'icon': '04n'}]}]",Bologna
44.4939,11.3428,Europe/Rome,7200,"[{'dt': 1697482800, 'sunrise': 1697434210, 'sunset': 1697473803, 'temp': 14.65, 'feels_like': 13.63, 'pressure': 1018, 'humidity': 56, 'dew_point': 5.98, 'clouds': 75, 'visibility': 10000, 'wind_speed': 1.03, 'wind_deg': 0, 'weather': [{'id': 803, 'main': 'Clouds', 'description': 'broken clouds', 'icon': '04n'}]}]",Bologna
44.4939,11.3428,Europe/Rome,7200,"[{'dt': 1697486400, 'sunrise': 1697434210, 'sunset': 1697473803, 'temp': 14.22, 'feels_like': 13.26, 'pressure': 1019, 'humidity': 60, 'dew_point': 6.57, 'clouds': 75, 'visibility': 10000, 'wind_speed': 0.51, 'wind_deg': 0, 'weather': [{'id': 803, 'main': 'Clouds', 'description': 'broken clouds', 'icon': '04n'}]}]",Bologna
44.4939,11.3428,Europe/Rome,7200,"[{'dt': 1697490000, 'sunrise': 1697434210, 'sunset': 1697473803, 'temp': 13.68, 'feels_like': 12.67, 'pressure': 1019, 'humidity': 60, 'dew_point': 6.07, 'clouds': 75, 'visibility': 10000, 'wind_speed': 1.03, 'wind_deg': 0, 'weather': [{'id': 803, 'main': 'Clouds', 'description': 'broken clouds', 'icon': '04n'}]}]",Bologna
44.4939,11.3428,Europe/Rome,7200,"[{'dt': 1697493600, 'sunrise': 1697520687, 'sunset': 1697560101, 'temp': 12.8, 'feels_like': 11.83, 'pressure': 1019, 'humidity': 65, 'dew_point': 6.39, 'clouds': 75, 'visibility': 10000, 'wind_speed': 0, 'wind_deg': 0, 'weather': [{'id': 803, 'main': 'Clouds', 'description': 'broken clouds', 'icon': '04n'}]}]",Bologna
44.4939,11.3428,Europe/Rome,7200,"[{'dt': 1697497200, 'sunrise': 1697520687, 'sunset': 1697560101, 'temp': 11.02, 'feels_like': 10.01, 'pressure': 1019, 'humidity': 70, 'dew_point': 5.77, 'clouds': 0, 'visibility': 10000, 'wind_speed': 1.03, 'wind_deg': 330, 'weather': [{'id': 800, 'main': 'Clear', 'description': 'clear sky', 'icon': '01n'}]}]",Bologna
44.4939,11.3428,Europe/Rome,7200,"[{'dt': 1697500800, 'sunrise': 1697520687, 'sunset': 1697560101, 'temp': 10.39, 'feels_like': 9.42, 'pressure': 1018, 'humidity': 74, 'dew_point': 5.96, 'clouds': 0, 'visibility': 10000, 'wind_speed': 1.03, 'wind_deg': 230, 'weather': [{'id': 800, 'main': 'Clear', 'description': 'clear sky', 'icon': '01n'}]}]",Bologna
44.4939,11.3428,Europe/Rome,7200,"[{'dt': 1697504400, 'sunrise': 1697520687, 'sunset': 1697560101, 'temp': 10.96, 'feels_like': 9.99, 'pressure': 1017, 'humidity': 72, 'dew_point': 6.12, 'clouds': 0, 'visibility': 10000, 'wind_speed': 1.03, 'wind_deg': 200, 'weather': [{'id': 800, 'main': 'Clear', 'description': 'clear sky', 'icon': '01n'}]}]",Bologna
44.4939,11.3428,Europe/Rome,7200,"[{'dt': 1697508000, 'sunrise': 1697520687, 'sunset': 1697560101, 'temp': 12.06, 'feels_like': 11.1, 'pressure': 1018, 'humidity': 68, 'dew_point': 6.34, 'clouds': 0, 'visibility': 10000, 'wind_speed': 1.54, 'wind_deg': 260, 'weather': [{'id': 800, 'main': 'Clear', 'description': 'clear sky', 'icon': '01n'}]}]",Bologna
44.4939,11.3428,Europe/Rome,7200,"[{'dt': 1697511600, 'sunrise': 1697520687, 'sunset': 1697560101, 'temp': 11.94, 'feels_like': 11.07, 'pressure': 1018, 'humidity': 72, 'dew_point': 7.06, 'clouds': 75, 'visibility': 10000, 'wind_speed': 1.03, 'wind_deg': 250, 'weather': [{'id': 803, 'main': 'Clouds', 'description': 'broken clouds', 'icon': '04n'}]}]",Bologna
44.4939,11.3428,Europe/Rome,7200,"[{'dt': 1697515200, 'sunrise': 1697520687, 'sunset': 1697560101, 'temp': 11.89, 'feels_like': 11.01, 'pressure': 1018, 'humidity': 72, 'dew_point': 7.01, 'clouds': 75, 'visibility': 10000, 'wind_speed': 1.54, 'wind_deg': 240, 'weather': [{'id': 803, 'main': 'Clouds', 'description': 'broken clouds', 'icon': '04n'}]}]",Bologna
44.4939,11.3428,Europe/Rome,7200,"[{'dt': 1697518800, 'sunrise': 1697520687, 'sunset': 1697560101, 'temp': 11.98, 'feels_like': 11.06, 'pressure': 1018, 'humidity': 70, 'dew_point': 6.69, 'clouds': 75, 'visibility': 10000, 'wind_speed': 1.54, 'wind_deg': 250, 'weather': [{'id': 803, 'main': 'Clouds', 'description': 'broken clouds', 'icon': '04n'}]}]",Bologna
44.4939,11.3428,Europe/Rome,7200,"[{'dt': 1697522400, 'sunrise': 1697520687, 'sunset': 1697560101, 'temp': 12.09, 'feels_like': 11.13, 'pressure': 1018, 'humidity': 68, 'dew_point': 6.37, 'clouds': 75, 'visibility': 10000, 'wind_speed': 0.89, 'wind_deg': 260, 'wind_gust': 1.34, 'weather': [{'id': 803, 'main': 'Clouds', 'description': 'broken clouds', 'icon': '04d'}]}]",Bologna
44.4939,11.3428,Europe/Rome,7200,"[{'dt': 1697526000, 'sunrise': 1697520687, 'sunset': 1697560101, 'temp': 12.4, 'feels_like': 11.52, 'pressure': 1019, 'humidity': 70, 'dew_point': 7.09, 'clouds': 75, 'visibility': 10000, 'wind_speed': 1.03, 'wind_deg': 0, 'weather': [{'id': 803, 'main': 'Clouds', 'description': 'broken clouds', 'icon': '04d'}]}]",Bologna
44.4939,11.3428,Europe/Rome,7200,"[{'dt': 1697529600, 'sunrise': 1697520687, 'sunset': 1697560101, 'temp': 12.93, 'feels_like': 11.98, 'pressure': 1019, 'humidity': 65, 'dew_point': 6.52, 'clouds': 75, 'visibility': 6000, 'wind_speed': 1.54, 'wind_deg': 10, 'weather': [{'id': 803, 'main': 'Clouds', 'description': 'broken clouds', 'icon': '04d'}]}]",Bologna
44.4939,11.3428,Europe/Rome,7200,"[{'dt': 1697533200, 'sunrise': 1697520687, 'sunset': 1697560101, 'temp': 14.11, 'feels_like': 13.17, 'pressure': 1019, 'humidity': 61, 'dew_point': 6.71, 'clouds': 75, 'visibility': 10000, 'wind_speed': 1.54, 'wind_deg': 20, 'weather': [{'id': 803, 'main': 'Clouds', 'description': 'broken clouds', 'icon': '04d'}]}]",Bologna
44.4939,11.3428,Europe/Rome,7200,"[{'dt': 1697536800, 'sunrise': 1697520687, 'sunset': 1697560101, 'temp': 15.31, 'feels_like': 14.46, 'pressure': 1019, 'humidity': 60, 'dew_point': 7.6, 'clouds': 75, 'visibility': 10000, 'wind_speed': 2.06, 'wind_deg': 30, 'weather': [{'id': 803, 'main': 'Clouds', 'description': 'broken clouds', 'icon': '04d'}]}]",Bologna
44.4939,11.3428,Europe/Rome,7200,"[{'dt': 1697540400, 'sunrise': 1697520687, 'sunset': 1697560101, 'temp': 16.12, 'feels_like': 15.33, 'pressure': 1018, 'humidity': 59, 'dew_point': 8.11, 'clouds': 20, 'visibility': 10000, 'wind_speed': 2.06, 'wind_deg': 100, 'weather': [{'id': 801, 'main': 'Clouds', 'description': 'few clouds', 'icon': '02d'}]}]",Bologna
44.4939,11.3428,Europe/Rome,7200,"[{'dt': 1697544000, 'sunrise': 1697520687, 'sunset': 1697560101, 'temp': 16.86, 'feels_like': 16.14, 'pressure': 1017, 'humidity': 59, 'dew_point': 8.81, 'clouds': 20, 'visibility': 10000, 'wind_speed': 3.09, 'wind_deg': 80, 'weather': [{'id': 801, 'main': 'Clouds', 'description': 'few clouds', 'icon': '02d'}]}]",Bologna
44.4939,11.3428,Europe/Rome,7200,"[{'dt': 1697547600, 'sunrise': 1697520687, 'sunset': 1697560101, 'temp': 17.9, 'feels_like': 17.26, 'pressure': 1017, 'humidity': 58, 'dew_point': 9.53, 'clouds': 20, 'visibility': 10000, 'wind_speed': 3.09, 'wind_deg': 130, 'weather': [{'id': 801, 'main': 'Clouds', 'description': 'few clouds', 'icon': '02d'}]}]",Bologna
44.4939,11.3428,Europe/Rome,7200,"[{'dt': 1697551200, 'sunrise': 1697520687, 'sunset': 1697560101, 'temp': 17.99, 'feels_like': 17.36, 'pressure': 1016, 'humidity': 58, 'dew_point': 9.61, 'clouds': 40, 'visibility': 10000, 'wind_speed': 3.09, 'wind_deg': 100, 'weather': [{'id': 802, 'main': 'Clouds', 'description': 'scattered clouds', 'icon': '03d'}]}]",Bologna
44.4939,11.3428,Europe/Rome,7200,"[{'dt': 1697554800, 'sunrise': 1697520687, 'sunset': 1697560101, 'temp': 17.67, 'feels_like': 17.09, 'pressure': 1016, 'humidity': 61, 'dew_point': 10.06, 'clouds': 75, 'visibility': 10000, 'wind_speed': 3.09, 'wind_deg': 70, 'weather': [{'id': 803, 'main': 'Clouds', 'description': 'broken clouds', 'icon': '04d'}]}]",Bologna
44.4939,11.3428,Europe/Rome,7200,"[{'dt': 1697558400, 'sunrise': 1697520687, 'sunset': 1697560101, 'temp': 16.67, 'feels_like': 16.06, 'pressure': 1016, 'humidity': 64, 'dew_point': 9.84, 'clouds': 20, 'visibility': 10000, 'wind_speed': 3.6, 'wind_deg': 90, 'weather': [{'id': 801, 'main': 'Clouds', 'description': 'few clouds', 'icon': '02d'}]}]",Bologna
44.4939,11.3428,Europe/Rome,7200,"[{'dt': 1697562000, 'sunrise': 1697520687, 'sunset': 1697560101, 'temp': 15.94, 'feels_like': 15.34, 'pressure': 1016, 'humidity': 67, 'dew_point': 9.83, 'clouds': 20, 'visibility': 10000, 'wind_speed': 3.6, 'wind_deg': 90, 'weather': [{'id': 801, 'main': 'Clouds', 'description': 'few clouds', 'icon': '02n'}]}]",Bologna
44.4939,11.3428,Europe/Rome,7200,"[{'dt': 1697565600, 'sunrise': 1697520687, 'sunset': 1697560101, 'temp': 15.03, 'feels_like': 14.39, 'pressure': 1017, 'humidity': 69, 'dew_point': 9.39, 'clouds': 20, 'visibility': 10000, 'wind_speed': 3.6, 'wind_deg': 100, 'weather': [{'id': 801, 'main': 'Clouds', 'description': 'few clouds', 'icon': '02n'}]}]",Bologna
44.4939,11.3428,Europe/Rome,7200,"[{'dt': 1697569200, 'sunrise': 1697520687, 'sunset': 1697560101, 'temp': 14.39, 'feels_like': 13.76, 'pressure': 1016, 'humidity': 72, 'dew_point': 9.41, 'clouds': 20, 'visibility': 10000, 'wind_speed': 3.09, 'wind_deg': 90, 'weather': [{'id': 801, 'main': 'Clouds', 'description': 'few clouds', 'icon': '02n'}]}]",Bologna
44.4939,11.3428,Europe/Rome,7200,"[{'dt': 1697572800, 'sunrise': 1697520687, 'sunset': 1697560101, 'temp': 13.84, 'feels_like': 13.24, 'pressure': 1016, 'humidity': 75, 'dew_point': 9.49, 'clouds': 20, 'visibility': 10000, 'wind_speed': 2.06, 'wind_deg': 90, 'weather': [{'id': 801, 'main': 'Clouds', 'description': 'few clouds', 'icon': '02n'}]}]",Bologna
44.4939,11.3428,Europe/Rome,7200,"[{'dt': 1697576400, 'sunrise': 1697520687, 'sunset': 1697560101, 'temp': 14.48, 'feels_like': 13.89, 'pressure': 1016, 'humidity': 73, 'dew_point': 9.7, 'clouds': 40, 'visibility': 10000, 'wind_speed': 2.06, 'wind_deg': 80, 'weather': [{'id': 802, 'main': 'Clouds', 'description': 'scattered clouds', 'icon': '03n'}]}]",Bologna
44.4939,11.3428,Europe/Rome,7200,"[{'dt': 1697580000, 'sunrise': 1697607164, 'sunset': 1697646400, 'temp': 14.12, 'feels_like': 13.47, 'pressure': 1016, 'humidity': 72, 'dew_point': 9.15, 'clouds': 75, 'visibility': 10000, 'wind_speed': 2.06, 'wind_deg': 80, 'weather': [{'id': 803, 'main': 'Clouds', 'description': 'broken clouds', 'icon': '04n'}]}]",Bologna
44.4939,11.3428,Europe/Rome,7200,"[{'dt': 1697583600, 'sunrise': 1697607164, 'sunset': 1697646400, 'temp': 14.02, 'feels_like': 13.36, 'pressure': 1016, 'humidity': 72, 'dew_point': 9.06, 'clouds': 75, 'visibility': 10000, 'wind_speed': 2.06, 'wind_deg': 100, 'weather': [{'id': 803, 'main': 'Clouds', 'description': 'broken clouds', 'icon': '04n'}]}]",Bologna
44.4939,11.3428,Europe/Rome,7200,"[{'dt': 1697587200, 'sunrise': 1697607164, 'sunset': 1697646400, 'temp': 13.78, 'feels_like': 13.15, 'pressure': 1016, 'humidity': 74, 'dew_point': 9.23, 'clouds': 75, 'visibility': 10000, 'wind_speed': 1.03, 'wind_deg': 0, 'weather': [{'id': 803, 'main': 'Clouds', 'description': 'broken clouds', 'icon': '04n'}]}]",Bologna
44.4939,11.3428,Europe/Rome,7200,"[{'dt': 1697590800, 'sunrise': 1697607164, 'sunset': 1697646400, 'temp': 13.5, 'feels_like': 12.89, 'pressure': 1016, 'humidity': 76, 'dew_point': 9.36, 'uvi': 0, 'clouds': 100, 'visibility': 10000, 'wind_speed': 0.98, 'wind_deg': 79, 'wind_gust': 1.89, 'weather': [{'id': 804, 'main': 'Clouds', 'description': 'overcast clouds', 'icon': '04n'}]}]",Bologna
44.4939,11.3428,Europe/Rome,7200,"[{'dt': 1697594400, 'sunrise': 1697607164, 'sunset': 1697646400, 'temp': 13.29, 'feels_like': 12.71, 'pressure': 1016, 'humidity': 78, 'dew_point': 9.54, 'uvi': 0, 'clouds': 100, 'visibility': 10000, 'wind_speed': 1.12, 'wind_deg': 61, 'wind_gust': 2.03, 'weather': [{'id': 804, 'main': 'Clouds', 'description': 'overcast clouds', 'icon': '04n'}]}]",Bologna
44.4939,11.3428,Europe/Rome,7200,"[{'dt': 1697598000, 'sunrise': 1697607164, 'sunset': 1697646400, 'temp': 13.18, 'feels_like': 12.59, 'pressure': 1016, 'humidity': 78, 'dew_point': 9.43, 'uvi': 0, 'clouds': 100, 'visibility': 10000, 'wind_speed': 1.26, 'wind_deg': 52, 'wind_gust': 1.99, 'weather': [{'id': 804, 'main': 'Clouds', 'description': 'overcast clouds', 'icon': '04n'}]}]",Bologna
44.4939,11.3428,Europe/Rome,7200,"[{'dt': 1697601600, 'sunrise': 1697607164, 'sunset': 1697646400, 'temp': 13.14, 'feels_like': 12.55, 'pressure': 1015, 'humidity': 78, 'dew_point': 9.39, 'uvi': 0, 'clouds': 100, 'visibility': 10000, 'wind_speed': 1.65, 'wind_deg': 71, 'wind_gust': 2.68, 'weather': [{'id': 804, 'main': 'Clouds', 'description': 'overcast clouds', 'icon': '04n'}]}]",Bologna
44.4939,11.3428,Europe/Rome,7200,"[{'dt': 1697605200, 'sunrise': 1697607164, 'sunset': 1697646400, 'temp': 13.17, 'feels_like': 12.58, 'pressure': 1015, 'humidity': 78, 'dew_point': 9.42, 'uvi': 0, 'clouds': 100, 'visibility': 10000, 'wind_speed': 1.37, 'wind_deg': 69, 'wind_gust': 2.41, 'weather': [{'id': 804, 'main': 'Clouds', 'description': 'overcast clouds', 'icon': '04n'}]}]",Bologna
44.4939,11.3428,Europe/Rome,7200,"[{'dt': 1697608800, 'sunrise': 1697607164, 'sunset': 1697646400, 'temp': 13.23, 'feels_like': 12.67, 'pressure': 1015, 'humidity': 79, 'dew_point': 9.67, 'uvi': 0, 'clouds': 100, 'visibility': 10000, 'wind_speed': 1.15, 'wind_deg': 69, 'wind_gust': 2.42, 'weather': [{'id': 804, 'main': 'Clouds', 'description': 'overcast clouds', 'icon': '04d'}]}]",Bologna
44.4939,11.3428,Europe/Rome,7200,"[{'dt': 1697612400, 'sunrise': 1697607164, 'sunset': 1697646400, 'temp': 13.44, 'feels_like': 12.9, 'pressure': 1015, 'humidity': 79, 'dew_point': 9.88, 'uvi': 0.04, 'clouds': 100, 'visibility': 10000, 'wind_speed': 1.64, 'wind_deg': 63, 'wind_gust': 2.91, 'weather': [{'id': 804, 'main': 'Clouds', 'description': 'overcast clouds', 'icon': '04d'}]}]",Bologna
44.4939,11.3428,Europe/Rome,7200,"[{'dt': 1697616000, 'sunrise': 1697607164, 'sunset': 1697646400, 'temp': 13.08, 'feels_like': 12.69, 'pressure': 1015, 'humidity': 86, 'dew_point': 10.79, 'uvi': 0.14, 'clouds': 100, 'visibility': 9478, 'wind_speed': 1.63, 'wind_deg': 58, 'wind_gust': 2.78, 'weather': [{'id': 500, 'main': 'Rain', 'description': 'light rain', 'icon': '10d'}], 'rain': {'1h': 0.49}}]",Bologna
44.4939,11.3428,Europe/Rome,7200,"[{'dt': 1697619600, 'sunrise': 1697607164, 'sunset': 1697646400, 'temp': 10.4, 'feels_like': 9.98, 'pressure': 1016, 'humidity': 95, 'dew_point': 9.63, 'uvi': 0.29, 'clouds': 75, 'visibility': 4000, 'wind_speed': 1.54, 'wind_deg': 340, 'weather': [{'id': 701, 'main': 'Mist', 'description': 'mist', 'icon': '50d'}]}]",Bologna
44.4939,11.3428,Europe/Rome,7200,"[{'dt': 1697623200, 'sunrise': 1697607164, 'sunset': 1697646400, 'temp': 10.75, 'feels_like': 10.34, 'pressure': 1016, 'humidity': 94, 'dew_point': 9.82, 'uvi': 0.15, 'clouds': 75, 'visibility': 6000, 'wind_speed': 1.03, 'wind_deg': 0, 'weather': [{'id': 301, 'main': 'Drizzle', 'description': 'drizzle', 'icon': '09d'}]}]",Bologna
44.4939,11.3428,Europe/Rome,7200,"[{'dt': 1697626800, 'sunrise': 1697607164, 'sunset': 1697646400, 'temp': 10.94, 'feels_like': 10.54, 'pressure': 1015, 'humidity': 94, 'dew_point': 10.01, 'uvi': 0.18, 'clouds': 75, 'visibility': 6000, 'wind_speed': 1.03, 'wind_deg': 0, 'weather': [{'id': 803, 'main': 'Clouds', 'description': 'broken clouds', 'icon': '04d'}]}]",Bologna
44.4939,11.3428,Europe/Rome,7200,"[{'dt': 1697630400, 'sunrise': 1697607164, 'sunset': 1697646400, 'temp': 10.94, 'feels_like': 10.54, 'pressure': 1014, 'humidity': 94, 'dew_point': 10.01, 'uvi': 0.17, 'clouds': 75, 'visibility': 5000, 'wind_speed': 1.03, 'wind_deg': 0, 'weather': [{'id': 701, 'main': 'Mist', 'description': 'mist', 'icon': '50d'}]}]",Bologna
44.4939,11.3428,Europe/Rome,7200,"[{'dt': 1697634000, 'sunrise': 1697607164, 'sunset': 1697646400, 'temp': 11.03, 'feels_like': 10.62, 'pressure': 1014, 'humidity': 93, 'dew_point': 9.94, 'uvi': 0.31, 'clouds': 75, 'visibility': 5000, 'wind_speed': 1.03, 'wind_deg': 0, 'weather': [{'id': 701, 'main': 'Mist', 'description': 'mist', 'icon': '50d'}]}]",Bologna
44.4939,11.3428,Europe/Rome,7200,"[{'dt': 1697637600, 'sunrise': 1697607164, 'sunset': 1697646400, 'temp': 11.12, 'feels_like': 10.69, 'pressure': 1014, 'humidity': 92, 'dew_point': 9.87, 'uvi': 0.18, 'clouds': 75, 'visibility': 6000, 'wind_speed': 0.51, 'wind_deg': 0, 'weather': [{'id': 803, 'main': 'Clouds', 'description': 'broken clouds', 'icon': '04d'}]}]",Bologna
44.4939,11.3428,Europe/Rome,7200,"[{'dt': 1697641200, 'sunrise': 1697607164, 'sunset': 1697646400, 'temp': 11.21, 'feels_like': 10.81, 'pressure': 1013, 'humidity': 93, 'dew_point': 10.12, 'uvi': 0.07, 'clouds': 75, 'visibility': 7000, 'wind_speed': 2.06, 'wind_deg': 240, 'weather': [{'id': 803, 'main': 'Clouds', 'description': 'broken clouds', 'icon': '04d'}]}]",Bologna
44.4939,11.3428,Europe/Rome,7200,"[{'dt': 1697644800, 'sunrise': 1697607164, 'sunset': 1697646400, 'temp': 11.12, 'feels_like': 10.69, 'pressure': 1012, 'humidity': 92, 'dew_point': 9.87, 'uvi': 0.01, 'clouds': 75, 'visibility': 7000, 'wind_speed': 2.57, 'wind_deg': 240, 'weather': [{'id': 803, 'main': 'Clouds', 'description': 'broken clouds', 'icon': '04d'}]}]",Bologna
44.4939,11.3428,Europe/Rome,7200,"[{'dt': 1697648400, 'sunrise': 1697607164, 'sunset': 1697646400, 'temp': 11.12, 'feels_like': 10.66, 'pressure': 1013, 'humidity': 91, 'dew_point': 9.71, 'uvi': 0, 'clouds': 75, 'visibility': 6000, 'wind_speed': 2.57, 'wind_deg': 240, 'weather': [{'id': 500, 'main': 'Rain', 'description': 'light rain', 'icon': '10n'}], 'rain': {'1h': 0.36}}]",Bologna
44.4939,11.3428,Europe/Rome,7200,"[{'dt': 1697652000, 'sunrise': 1697607164, 'sunset': 1697646400, 'temp': 10.58, 'feels_like': 10.07, 'pressure': 1013, 'humidity': 91, 'dew_point': 9.17, 'uvi': 0, 'clouds': 75, 'visibility': 4000, 'wind_speed': 2.06, 'wind_deg': 350, 'weather': [{'id': 701, 'main': 'Mist', 'description': 'mist', 'icon': '50n'}]}]",Bologna
44.4939,11.3428,Europe/Rome,7200,"[{'dt': 1697655600, 'sunrise': 1697607164, 'sunset': 1697646400, 'temp': 10.49, 'feels_like': 10, 'pressure': 1013, 'humidity': 92, 'dew_point': 9.25, 'uvi': 0, 'clouds': 75, 'visibility': 4000, 'wind_speed': 1.03, 'wind_deg': 0, 'weather': [{'id': 300, 'main': 'Drizzle', 'description': 'light intensity drizzle', 'icon': '09n'}, {'id': 701, 'main': 'Mist', 'description': 'mist', 'icon': '50n'}]}]",Bologna
44.4939,11.3428,Europe/Rome,7200,"[{'dt': 1697659200, 'sunrise': 1697607164, 'sunset': 1697646400, 'temp': 10.3, 'feels_like': 9.84, 'pressure': 1013, 'humidity': 94, 'dew_point': 9.38, 'uvi': 0, 'clouds': 75, 'visibility': 4000, 'wind_speed': 1.54, 'wind_deg': 300, 'weather': [{'id': 300, 'main': 'Drizzle', 'description': 'light intensity drizzle', 'icon': '09n'}, {'id': 701, 'main': 'Mist', 'description': 'mist', 'icon': '50n'}]}]",Bologna
44.4939,11.3428,Europe/Rome,7200,"[{'dt': 1697662800, 'sunrise': 1697607164, 'sunset': 1697646400, 'temp': 10.12, 'feels_like': 9.64, 'pressure': 1012, 'humidity': 94, 'dew_point': 9.2, 'uvi': 0, 'clouds': 75, 'visibility': 3000, 'wind_speed': 1.03, 'wind_deg': 0, 'weather': [{'id': 300, 'main': 'Drizzle', 'description': 'light intensity drizzle', 'icon': '09n'}, {'id': 701, 'main': 'Mist', 'description': 'mist', 'icon': '50n'}]}]",Bologna
44.4939,11.3428,Europe/Rome,7200,"[{'dt': 1697666400, 'sunrise': 1697693641, 'sunset': 1697732700, 'temp': 10.12, 'feels_like': 9.64, 'pressure': 1011, 'humidity': 94, 'dew_point': 9.2, 'uvi': 0, 'clouds': 75, 'visibility': 4000, 'wind_speed': 1.03, 'wind_deg': 0, 'weather': [{'id': 701, 'main': 'Mist', 'description': 'mist', 'icon': '50n'}]}]",Bologna
44.4939,11.3428,Europe/Rome,7200,"[{'dt': 1697670000, 'sunrise': 1697693641, 'sunset': 1697732700, 'temp': 10.14, 'feels_like': 9.66, 'pressure': 1011, 'humidity': 94, 'dew_point': 9.22, 'uvi': 0, 'clouds': 75, 'visibility': 4000, 'wind_speed': 1.03, 'wind_deg': 0, 'weather': [{'id': 301, 'main': 'Drizzle', 'description': 'drizzle', 'icon': '09n'}, {'id': 701, 'main': 'Mist', 'description': 'mist', 'icon': '50n'}, {'id': 500, 'main': 'Rain', 'description': 'light rain', 'icon': '10n'}], 'rain': {'1h': 0.42}}]",Bologna
44.4939,11.3428,Europe/Rome,7200,"[{'dt': 1697673600, 'sunrise': 1697693641, 'sunset': 1697732700, 'temp': 9.94, 'feels_like': 9.94, 'pressure': 1010, 'humidity': 95, 'dew_point': 9.18, 'uvi': 0, 'clouds': 75, 'visibility': 1500, 'wind_speed': 1.03, 'wind_deg': 0, 'weather': [{'id': 502, 'main': 'Rain', 'description': 'heavy intensity rain', 'icon': '10n'}, {'id': 701, 'main': 'Mist', 'description': 'mist', 'icon': '50n'}], 'rain': {'1h': 0.75}}]",Bologna
44.4939,11.3428,Europe/Rome,7200,"[{'dt': 1697677200, 'sunrise': 1697693641, 'sunset': 1697732700, 'temp': 9.95, 'feels_like': 9.95, 'pressure': 1009, 'humidity': 95, 'dew_point': 9.19, 'uvi': 0, 'clouds': 75, 'visibility': 2000, 'wind_speed': 1.03, 'wind_deg': 0, 'weather': [{'id': 501, 'main': 'Rain', 'description': 'moderate rain', 'icon': '10n'}, {'id': 701, 'main': 'Mist', 'description': 'mist', 'icon': '50n'}], 'rain': {'1h': 0.49}}]",Bologna
44.4939,11.3428,Europe/Rome,7200,"[{'dt': 1697680800, 'sunrise': 1697693641, 'sunset': 1697732700, 'temp': 9.95, 'feels_like': 9.09, 'pressure': 1008, 'humidity': 96, 'dew_point': 9.34, 'uvi': 0, 'clouds': 75, 'visibility': 2500, 'wind_speed': 2.06, 'wind_deg': 270, 'weather': [{'id': 501, 'main': 'Rain', 'description': 'moderate rain', 'icon': '10n'}, {'id': 701, 'main': 'Mist', 'description': 'mist', 'icon': '50n'}], 'rain': {'1h': 0.86}}]",Bologna
44.4939,11.3428,Europe/Rome,7200,"[{'dt': 1697684400, 'sunrise': 1697693641, 'sunset': 1697732700, 'temp': 9.95, 'feels_like': 9.55, 'pressure': 1007, 'humidity': 96, 'dew_point': 9.34, 'uvi': 0, 'clouds': 75, 'visibility': 1300, 'wind_speed': 1.54, 'wind_deg': 200, 'weather': [{'id': 701, 'main': 'Mist', 'description': 'mist', 'icon': '50n'}, {'id': 502, 'main': 'Rain', 'description': 'heavy intensity rain', 'icon': '10n'}], 'rain': {'1h': 2.73}}]",Bologna
44.4939,11.3428,Europe/Rome,7200,"[{'dt': 1697688000, 'sunrise': 1697693641, 'sunset': 1697732700, 'temp': 9.95, 'feels_like': 9.55, 'pressure': 1007, 'humidity': 96, 'dew_point': 9.34, 'uvi': 0, 'clouds': 75, 'visibility': 2300, 'wind_speed': 1.54, 'wind_deg': 270, 'weather': [{'id': 501, 'main': 'Rain', 'description': 'moderate rain', 'icon': '10n'}, {'id': 701, 'main': 'Mist', 'description': 'mist', 'icon': '50n'}], 'rain': {'1h': 0.32}}]",Bologna
44.4939,11.3428,Europe/Rome,7200,"[{'dt': 1697691600, 'sunrise': 1697693641, 'sunset': 1697732700, 'temp': 9.95, 'feels_like': 9.09, 'pressure': 1006, 'humidity': 96, 'dew_point': 9.34, 'uvi': 0, 'clouds': 75, 'visibility': 2500, 'wind_speed': 2.06, 'wind_deg': 270, 'weather': [{'id': 500, 'main': 'Rain', 'description': 'light rain', 'icon': '10n'}, {'id': 701, 'main': 'Mist', 'description': 'mist', 'icon': '50n'}], 'rain': {'1h': 0.15}}]",Bologna
44.4939,11.3428,Europe/Rome,7200,"[{'dt': 1697695200, 'sunrise': 1697693641, 'sunset': 1697732700, 'temp': 9.94, 'feels_like': 9.07, 'pressure': 1006, 'humidity': 97, 'dew_point': 9.49, 'uvi': 0, 'clouds': 75, 'visibility': 2500, 'wind_speed': 2.06, 'wind_deg': 280, 'weather': [{'id': 701, 'main': 'Mist', 'description': 'mist', 'icon': '50d'}]}]",Bologna
44.4939,11.3428,Europe/Rome,7200,"[{'dt': 1697698800, 'sunrise': 1697693641, 'sunset': 1697732700, 'temp': 10.12, 'feels_like': 9.69, 'pressure': 1006, 'humidity': 96, 'dew_point': 9.51, 'uvi': 0.21, 'clouds': 75, 'visibility': 4000, 'wind_speed': 2.57, 'wind_deg': 270, 'weather': [{'id': 701, 'main': 'Mist', 'description': 'mist', 'icon': '50d'}]}]",Bologna
44.4939,11.3428,Europe/Rome,7200,"[{'dt': 1697702400, 'sunrise': 1697693641, 'sunset': 1697732700, 'temp': 10.58, 'feels_like': 10.2, 'pressure': 1006, 'humidity': 96, 'dew_point': 9.97, 'uvi': 0.71, 'clouds': 75, 'visibility': 6000, 'wind_speed': 2.06, 'wind_deg': 270, 'weather': [{'id': 803, 'main': 'Clouds', 'description': 'broken clouds', 'icon': '04d'}]}]",Bologna
44.4939,11.3428,Europe/Rome,7200,"[{'dt': 1697706000, 'sunrise': 1697693641, 'sunset': 1697732700, 'temp': 11.07, 'feels_like': 10.71, 'pressure': 1005, 'humidity': 95, 'dew_point': 10.3, 'uvi': 1.44, 'clouds': 75, 'visibility': 6000, 'wind_speed': 2.06, 'wind_deg': 280, 'weather': [{'id': 803, 'main': 'Clouds', 'description': 'broken clouds', 'icon': '04d'}]}]",Bologna
44.4939,11.3428,Europe/Rome,7200,"[{'dt': 1697709600, 'sunrise': 1697693641, 'sunset': 1697732700, 'temp': 11.78, 'feels_like': 11.47, 'pressure': 1005, 'humidity': 94, 'dew_point': 10.85, 'uvi': 1.37, 'clouds': 75, 'visibility': 4000, 'wind_speed': 2.06, 'wind_deg': 230, 'weather': [{'id': 701, 'main': 'Mist', 'description': 'mist', 'icon': '50d'}]}]",Bologna
44.4939,11.3428,Europe/Rome,7200,"[{'dt': 1697713200, 'sunrise': 1697693641, 'sunset': 1697732700, 'temp': 12.78, 'feels_like': 12.41, 'pressure': 1004, 'humidity': 88, 'dew_point': 10.84, 'uvi': 1.61, 'clouds': 75, 'visibility': 7000, 'wind_speed': 1.54, 'wind_deg': 0, 'weather': [{'id': 803, 'main': 'Clouds', 'description': 'broken clouds', 'icon': '04d'}]}]",Bologna
44.4939,11.3428,Europe/Rome,7200,"[{'dt': 1697716800, 'sunrise': 1697693641, 'sunset': 1697732700, 'temp': 12.78, 'feels_like': 12.41, 'pressure': 1004, 'humidity': 88, 'dew_point': 10.84, 'uvi': 1.53, 'clouds': 75, 'visibility': 7000, 'wind_speed': 1.54, 'wind_deg': 310, 'weather': [{'id': 803, 'main': 'Clouds', 'description': 'broken clouds', 'icon': '04d'}]}]",Bologna
44.4939,11.3428,Europe/Rome,7200,"[{'dt': 1697720400, 'sunrise': 1697693641, 'sunset': 1697732700, 'temp': 12.78, 'feels_like': 12.41, 'pressure': 1003, 'humidity': 88, 'dew_point': 10.84, 'uvi': 0.9, 'clouds': 75, 'visibility': 5000, 'wind_speed': 2.06, 'wind_deg': 340, 'weather': [{'id': 701, 'main': 'Mist', 'description': 'mist', 'icon': '50d'}]}]",Bologna
44.4939,11.3428,Europe/Rome,7200,"[{'dt': 1697724000, 'sunrise': 1697693641, 'sunset': 1697732700, 'temp': 12.78, 'feels_like': 12.41, 'pressure': 1003, 'humidity': 88, 'dew_point': 10.84, 'uvi': 0.54, 'clouds': 75, 'visibility': 5000, 'wind_speed': 1.54, 'wind_deg': 360, 'weather': [{'id': 701, 'main': 'Mist', 'description': 'mist', 'icon': '50d'}, {'id': 500, 'main': 'Rain', 'description': 'light rain', 'icon': '10d'}], 'rain': {'1h': 0.49}}]",Bologna
44.4939,11.3428,Europe/Rome,7200,"[{'dt': 1697727600, 'sunrise': 1697693641, 'sunset': 1697732700, 'temp': 12.78, 'feels_like': 12.41, 'pressure': 1003, 'humidity': 88, 'dew_point': 10.84, 'uvi': 0.22, 'clouds': 75, 'visibility': 5000, 'wind_speed': 1.54, 'wind_deg': 290, 'weather': [{'id': 701, 'main': 'Mist', 'description': 'mist', 'icon': '50d'}]}]",Bologna
44.4939,11.3428,Europe/Rome,7200,"[{'dt': 1697731200, 'sunrise': 1697693641, 'sunset': 1697732700, 'temp': 12.78, 'feels_like': 12.41, 'pressure': 1002, 'humidity': 88, 'dew_point': 10.84, 'uvi': 0.03, 'clouds': 75, 'visibility': 5000, 'wind_speed': 1.03, 'wind_deg': 0, 'weather': [{'id': 701, 'main': 'Mist', 'description': 'mist', 'icon': '50d'}]}]",Bologna
44.4939,11.3428,Europe/Rome,7200,"[{'dt': 1697734800, 'sunrise': 1697693641, 'sunset': 1697732700, 'temp': 12.3, 'feels_like': 12.01, 'pressure': 1001, 'humidity': 93, 'dew_point': 11.2, 'uvi': 0, 'clouds': 75, 'visibility': 5000, 'wind_speed': 0.51, 'wind_deg': 0, 'weather': [{'id': 701, 'main': 'Mist', 'description': 'mist', 'icon': '50n'}]}]",Bologna
44.4939,11.3428,Europe/Rome,7200,"[{'dt': 1697738400, 'sunrise': 1697693641, 'sunset': 1697732700, 'temp': 12.18, 'feels_like': 11.91, 'pressure': 1000, 'humidity': 94, 'dew_point': 11.24, 'uvi': 0, 'clouds': 40, 'visibility': 4000, 'wind_speed': 1.54, 'wind_deg': 90, 'weather': [{'id': 701, 'main': 'Mist', 'description': 'mist', 'icon': '50n'}]}]",Bologna
44.4939,11.3428,Europe/Rome,7200,"[{'dt': 1697742000, 'sunrise': 1697693641, 'sunset': 1697732700, 'temp': 12.78, 'feels_like': 12.57, 'pressure': 1000, 'humidity': 94, 'dew_point': 11.84, 'uvi': 0, 'clouds': 40, 'visibility': 4000, 'wind_speed': 2.06, 'wind_deg': 80, 'weather': [{'id': 701, 'main': 'Mist', 'description': 'mist', 'icon': '50n'}]}]",Bologna
44.4939,11.3428,Europe/Rome,7200,"[{'dt': 1697745600, 'sunrise': 1697693641, 'sunset': 1697732700, 'temp': 12.78, 'feels_like': 12.57, 'pressure': 1000, 'humidity': 94, 'dew_point': 11.84, 'uvi': 0, 'clouds': 75, 'visibility': 3500, 'wind_speed': 2.57, 'wind_deg': 80, 'weather': [{'id': 701, 'main': 'Mist', 'description': 'mist', 'icon': '50n'}]}]",Bologna
44.4939,11.3428,Europe/Rome,7200,"[{'dt': 1697749200, 'sunrise': 1697693641, 'sunset': 1697732700, 'temp': 12.78, 'feels_like': 12.57, 'pressure': 1000, 'humidity': 94, 'dew_point': 11.84, 'uvi': 0, 'clouds': 75, 'visibility': 3000, 'wind_speed': 2.57, 'wind_deg': 80, 'weather': [{'id': 701, 'main': 'Mist', 'description': 'mist', 'icon': '50n'}]}]",Bologna
44.4939,11.3428,Europe/Rome,7200,"[{'dt': 1697752800, 'sunrise': 1697780119, 'sunset': 1697819001, 'temp': 12.78, 'feels_like': 12.57, 'pressure': 999, 'humidity': 94, 'dew_point': 11.84, 'uvi': 0, 'clouds': 75, 'visibility': 3000, 'wind_speed': 1.54, 'wind_deg': 20, 'weather': [{'id': 701, 'main': 'Mist', 'description': 'mist', 'icon': '50n'}]}]",Bologna
44.4939,11.3428,Europe/Rome,7200,"[{'dt': 1697756400, 'sunrise': 1697780119, 'sunset': 1697819001, 'temp': 11.78, 'feels_like': 11.62, 'pressure': 998, 'humidity': 100, 'dew_point': 11.78, 'uvi': 0, 'clouds': 75, 'visibility': 2500, 'wind_speed': 1.03, 'wind_deg': 0, 'weather': [{'id': 701, 'main': 'Mist', 'description': 'mist', 'icon': '50n'}]}]",Bologna
44.4939,11.3428,Europe/Rome,7200,"[{'dt': 1697760000, 'sunrise': 1697780119, 'sunset': 1697819001, 'temp': 11.78, 'feels_like': 11.62, 'pressure': 997, 'humidity': 100, 'dew_point': 11.78, 'uvi': 0, 'clouds': 75, 'visibility': 2000, 'wind_speed': 1.54, 'wind_deg': 130, 'weather': [{'id': 701, 'main': 'Mist', 'description': 'mist', 'icon': '50n'}]}]",Bologna
44.4939,11.3428,Europe/Rome,7200,"[{'dt': 1697763600, 'sunrise': 1697780119, 'sunset': 1697819001, 'temp': 11.78, 'feels_like': 11.62, 'pressure': 997, 'humidity': 100, 'dew_point': 11.78, 'uvi': 0, 'clouds': 100, 'visibility': 500, 'wind_speed': 1.54, 'wind_deg': 70, 'weather': [{'id': 741, 'main': 'Fog', 'description': 'fog', 'icon': '50n'}]}]",Bologna
44.4939,11.3428,Europe/Rome,7200,"[{'dt': 1697767200, 'sunrise': 1697780119, 'sunset': 1697819001, 'temp': 11.78, 'feels_like': 11.62, 'pressure': 996, 'humidity': 100, 'dew_point': 11.78, 'uvi': 0, 'clouds': 100, 'visibility': 200, 'wind_speed': 1.54, 'wind_deg': 70, 'weather': [{'id': 741, 'main': 'Fog', 'description': 'fog', 'icon': '50n'}]}]",Bologna
44.4939,11.3428,Europe/Rome,7200,"[{'dt': 1697770800, 'sunrise': 1697780119, 'sunset': 1697819001, 'temp': 16.42, 'feels_like': 16.68, 'pressure': 995, 'humidity': 98, 'dew_point': 16.1, 'uvi': 0, 'clouds': 100, 'visibility': 200, 'wind_speed': 1.54, 'wind_deg': 60, 'weather': [{'id': 741, 'main': 'Fog', 'description': 'fog', 'icon': '50n'}]}]",Bologna
44.4939,11.3428,Europe/Rome,7200,"[{'dt': 1697774400, 'sunrise': 1697780119, 'sunset': 1697819001, 'temp': 19.66, 'feels_like': 19.77, 'pressure': 994, 'humidity': 80, 'dew_point': 16.12, 'uvi': 0, 'clouds': 100, 'visibility': 8000, 'wind_speed': 1.79, 'wind_deg': 139, 'wind_gust': 5.81, 'weather': [{'id': 804, 'main': 'Clouds', 'description': 'overcast clouds', 'icon': '04n'}]}]",Bologna
44.4939,11.3428,Europe/Rome,7200,"[{'dt': 1697778000, 'sunrise': 1697780119, 'sunset': 1697819001, 'temp': 22.04, 'feels_like': 22.08, 'pressure': 994, 'humidity': 68, 'dew_point': 15.87, 'uvi': 0, 'clouds': 0, 'visibility': 10000, 'wind_speed': 4.63, 'wind_deg': 160, 'weather': [{'id': 800, 'main': 'Clear', 'description': 'clear sky', 'icon': '01n'}]}]",Bologna
44.4939,11.3428,Europe/Rome,7200,"[{'dt': 1697781600, 'sunrise': 1697780119, 'sunset': 1697819001, 'temp': 19.42, 'feels_like': 19.45, 'pressure': 993, 'humidity': 78, 'dew_point': 15.49, 'uvi': 0, 'clouds': 0, 'visibility': 10000, 'wind_speed': 5.14, 'wind_deg': 150, 'weather': [{'id': 800, 'main': 'Clear', 'description': 'clear sky', 'icon': '01d'}]}]",Bologna
44.4939,11.3428,Europe/Rome,7200,"[{'dt': 1697785200, 'sunrise': 1697780119, 'sunset': 1697819001, 'temp': 20.85, 'feels_like': 20.92, 'pressure': 993, 'humidity': 74, 'dew_point': 16.05, 'uvi': 0.21, 'clouds': 0, 'visibility': 10000, 'wind_speed': 3.6, 'wind_deg': 120, 'weather': [{'id': 800, 'main': 'Clear', 'description': 'clear sky', 'icon': '01d'}]}]",Bologna
44.4939,11.3428,Europe/Rome,7200,"[{'dt': 1697788800, 'sunrise': 1697780119, 'sunset': 1697819001, 'temp': 21.74, 'feels_like': 21.88, 'pressure': 993, 'humidity': 73, 'dew_point': 16.69, 'uvi': 0.7, 'clouds': 0, 'visibility': 10000, 'wind_speed': 3.6, 'wind_deg': 110, 'weather': [{'id': 800, 'main': 'Clear', 'description': 'clear sky', 'icon': '01d'}]}]",Bologna
44.4939,11.3428,Europe/Rome,7200,"[{'dt': 1697792400, 'sunrise': 1697780119, 'sunset': 1697819001, 'temp': 23.56, 'feels_like': 23.72, 'pressure': 991, 'humidity': 67, 'dew_point': 17.08, 'uvi': 1.42, 'clouds': 0, 'visibility': 10000, 'wind_speed': 6.17, 'wind_deg': 110, 'weather': [{'id': 800, 'main': 'Clear', 'description': 'clear sky', 'icon': '01d'}]}]",Bologna
44.4939,11.3428,Europe/Rome,7200,"[{'dt': 1697796000, 'sunrise': 1697780119, 'sunset': 1697819001, 'temp': 23.83, 'feels_like': 23.97, 'pressure': 991, 'humidity': 65, 'dew_point': 16.86, 'uvi': 2.16, 'clouds': 0, 'visibility': 10000, 'wind_speed': 7.2, 'wind_deg': 100, 'weather': [{'id': 800, 'main': 'Clear', 'description': 'clear sky', 'icon': '01d'}]}]",Bologna
44.4939,11.3428,Europe/Rome,7200,"[{'dt': 1697799600, 'sunrise': 1697780119, 'sunset': 1697819001, 'temp': 25.67, 'feels_like': 25.89, 'pressure': 991, 'humidity': 61, 'dew_point': 17.59, 'uvi': 2.54, 'clouds': 0, 'visibility': 10000, 'wind_speed': 6.69, 'wind_deg': 160, 'weather': [{'id': 800, 'main': 'Clear', 'description': 'clear sky', 'icon': '01d'}]}]",Bologna
44.4939,11.3428,Europe/Rome,7200,"[{'dt': 1697803200, 'sunrise': 1697780119, 'sunset': 1697819001, 'temp': 26.39, 'feels_like': 26.39, 'pressure': 990, 'humidity': 60, 'dew_point': 18, 'uvi': 2.43, 'clouds': 20, 'visibility': 10000, 'wind_speed': 6.69, 'wind_deg': 150, 'weather': [{'id': 801, 'main': 'Clouds', 'description': 'few clouds', 'icon': '02d'}]}]",Bologna
44.4939,11.3428,Europe/Rome,7200,"[{'dt': 1697806800, 'sunrise': 1697780119, 'sunset': 1697819001, 'temp': 26.39, 'feels_like': 26.39, 'pressure': 990, 'humidity': 58, 'dew_point': 17.47, 'uvi': 1.94, 'clouds': 20, 'visibility': 10000, 'wind_speed': 4.63, 'wind_deg': 180, 'weather': [{'id': 801, 'main': 'Clouds', 'description': 'few clouds', 'icon': '02d'}]}]",Bologna
44.4939,11.3428,Europe/Rome,7200,"[{'dt': 1697810400, 'sunrise': 1697780119, 'sunset': 1697819001, 'temp': 21.78, 'feels_like': 21.92, 'pressure': 990, 'humidity': 73, 'dew_point': 16.73, 'uvi': 1.15, 'clouds': 40, 'visibility': 10000, 'wind_speed': 6.69, 'wind_deg': 290, 'weather': [{'id': 500, 'main': 'Rain', 'description': 'light rain', 'icon': '10d'}], 'rain': {'1h': 0.27}}]",Bologna
44.4939,11.3428,Europe/Rome,7200,"[{'dt': 1697814000, 'sunrise': 1697780119, 'sunset': 1697819001, 'temp': 20.78, 'feels_like': 21.08, 'pressure': 991, 'humidity': 83, 'dew_point': 17.79, 'uvi': 0.46, 'clouds': 0, 'visibility': 10000, 'wind_speed': 1.03, 'wind_deg': 0, 'weather': [{'id': 800, 'main': 'Clear', 'description': 'clear sky', 'icon': '01d'}]}]",Bologna
44.4939,11.3428,Europe/Rome,7200,"[{'dt': 1697817600, 'sunrise': 1697780119, 'sunset': 1697819001, 'temp': 20.03, 'feels_like': 20.39, 'pressure': 992, 'humidity': 88, 'dew_point': 17.98, 'uvi': 0, 'clouds': 40, 'visibility': 10000, 'wind_speed': 1.03, 'wind_deg': 0, 'weather': [{'id': 802, 'main': 'Clouds', 'description': 'scattered clouds', 'icon': '03d'}]}]",Bologna
44.4939,11.3428,Europe/Rome,7200,"[{'dt': 1697821200, 'sunrise': 1697780119, 'sunset': 1697819001, 'temp': 18.9, 'feels_like': 19.25, 'pressure': 993, 'humidity': 92, 'dew_point': 17.57, 'uvi': 0, 'clouds': 40, 'visibility': 10000, 'wind_speed': 1.54, 'wind_deg': 180, 'weather': [{'id': 802, 'main': 'Clouds', 'description': 'scattered clouds', 'icon': '03n'}]}]",Bologna
44.4939,11.3428,Europe/Rome,7200,"[{'dt': 1697824800, 'sunrise': 1697780119, 'sunset': 1697819001, 'temp': 17.72, 'feels_like': 17.82, 'pressure': 993, 'humidity': 87, 'dew_point': 15.53, 'uvi': 0, 'clouds': 40, 'visibility': 10000, 'wind_speed': 2.57, 'wind_deg': 160, 'weather': [{'id': 501, 'main': 'Rain', 'description': 'moderate rain', 'icon': '10n'}], 'rain': {'1h': 0.86}}]",Bologna
44.4939,11.3428,Europe/Rome,7200,"[{'dt': 1697828400, 'sunrise': 1697780119, 'sunset': 1697819001, 'temp': 17.94, 'feels_like': 17.88, 'pressure': 993, 'humidity': 80, 'dew_point': 14.44, 'uvi': 0, 'clouds': 0, 'visibility': 10000, 'wind_speed': 3.09, 'wind_deg': 190, 'weather': [{'id': 800, 'main': 'Clear', 'description': 'clear sky', 'icon': '01n'}]}]",Bologna
44.4939,11.3428,Europe/Rome,7200,"[{'dt': 1697832000, 'sunrise': 1697780119, 'sunset': 1697819001, 'temp': 17.64, 'feels_like': 17.52, 'pressure': 994, 'humidity': 79, 'dew_point': 13.96, 'uvi': 0, 'clouds': 0, 'visibility': 10000, 'wind_speed': 4.63, 'wind_deg': 190, 'weather': [{'id': 800, 'main': 'Clear', 'description': 'clear sky', 'icon': '01n'}]}]",Bologna
44.4939,11.3428,Europe/Rome,7200,"[{'dt': 1697835600, 'sunrise': 1697780119, 'sunset': 1697819001, 'temp': 18.47, 'feels_like': 18.36, 'pressure': 995, 'humidity': 76, 'dew_point': 14.17, 'uvi': 0, 'clouds': 20, 'visibility': 10000, 'wind_speed': 2.57, 'wind_deg': 200, 'weather': [{'id': 801, 'main': 'Clouds', 'description': 'few clouds', 'icon': '02n'}]}]",Bologna
44.4939,11.3428,Europe/Rome,7200,"[{'dt': 1697839200, 'sunrise': 1697866597, 'sunset': 1697905303, 'temp': 17.46, 'feels_like': 17.35, 'pressure': 996, 'humidity': 80, 'dew_point': 13.98, 'uvi': 0, 'clouds': 0, 'visibility': 10000, 'wind_speed': 1.34, 'wind_deg': 155, 'wind_gust': 3.13, 'weather': [{'id': 800, 'main': 'Clear', 'description': 'clear sky', 'icon': '01n'}]}]",Bologna
44.4939,11.3428,Europe/Rome,7200,"[{'dt': 1697842800, 'sunrise': 1697866597, 'sunset': 1697905303, 'temp': 18.09, 'feels_like': 17.97, 'pressure': 996, 'humidity': 77, 'dew_point': 14, 'uvi': 0, 'clouds': 0, 'visibility': 10000, 'wind_speed': 2.06, 'wind_deg': 150, 'weather': [{'id': 800, 'main': 'Clear', 'description': 'clear sky', 'icon': '01n'}]}]",Bologna
44.4939,11.3428,Europe/Rome,7200,"[{'dt': 1697846400, 'sunrise': 1697866597, 'sunset': 1697905303, 'temp': 17.5, 'feels_like': 17.32, 'pressure': 996, 'humidity': 77, 'dew_point': 13.43, 'uvi': 0, 'clouds': 0, 'visibility': 10000, 'wind_speed': 2.06, 'wind_deg': 60, 'weather': [{'id': 800, 'main': 'Clear', 'description': 'clear sky', 'icon': '01n'}]}]",Bologna
44.4939,11.3428,Europe/Rome,7200,"[{'dt': 1697850000, 'sunrise': 1697866597, 'sunset': 1697905303, 'temp': 17.46, 'feels_like': 17.22, 'pressure': 997, 'humidity': 75, 'dew_point': 12.99, 'uvi': 0, 'clouds': 0, 'visibility': 10000, 'wind_speed': 3.09, 'wind_deg': 120, 'weather': [{'id': 800, 'main': 'Clear', 'description': 'clear sky', 'icon': '01n'}]}]",Bologna
44.4939,11.3428,Europe/Rome,7200,"[{'dt': 1697853600, 'sunrise': 1697866597, 'sunset': 1697905303, 'temp': 17.15, 'feels_like': 16.98, 'pressure': 997, 'humidity': 79, 'dew_point': 13.48, 'uvi': 0, 'clouds': 0, 'visibility': 10000, 'wind_speed': 2.57, 'wind_deg': 160, 'weather': [{'id': 800, 'main': 'Clear', 'description': 'clear sky', 'icon': '01n'}]}]",Bologna
44.4939,11.3428,Europe/Rome,7200,"[{'dt': 1697857200, 'sunrise': 1697866597, 'sunset': 1697905303, 'temp': 17.12, 'feels_like': 16.9, 'pressure': 998, 'humidity': 77, 'dew_point': 13.06, 'uvi': 0, 'clouds': 20, 'visibility': 10000, 'wind_speed': 3.09, 'wind_deg': 150, 'weather': [{'id': 801, 'main': 'Clouds', 'description': 'few clouds', 'icon': '02n'}]}]",Bologna
44.4939,11.3428,Europe/Rome,7200,"[{'dt': 1697860800, 'sunrise': 1697866597, 'sunset': 1697905303, 'temp': 16.76, 'feels_like': 16.42, 'pressure': 998, 'humidity': 74, 'dew_point': 12.11, 'uvi': 0, 'clouds': 0, 'visibility': 10000, 'wind_speed': 2.06, 'wind_deg': 180, 'weather': [{'id': 800, 'main': 'Clear', 'description': 'clear sky', 'icon': '01n'}]}]",Bologna
44.4939,11.3428,Europe/Rome,7200,"[{'dt': 1697864400, 'sunrise': 1697866597, 'sunset': 1697905303, 'temp': 16.5, 'feels_like': 16.16, 'pressure': 999, 'humidity': 75, 'dew_point': 12.06, 'uvi': 0, 'clouds': 0, 'visibility': 10000, 'wind_speed': 2.57, 'wind_deg': 190, 'weather': [{'id': 800, 'main': 'Clear', 'description': 'clear sky', 'icon': '01n'}]}]",Bologna
44.4939,11.3428,Europe/Rome,7200,"[{'dt': 1697868000, 'sunrise': 1697866597, 'sunset': 1697905303, 'temp': 17.42, 'feels_like': 17.15, 'pressure': 1000, 'humidity': 74, 'dew_point': 12.74, 'uvi': 0, 'clouds': 20, 'visibility': 10000, 'wind_speed': 2.06, 'wind_deg': 170, 'weather': [{'id': 801, 'main': 'Clouds', 'description': 'few clouds', 'icon': '02d'}]}]",Bologna
44.4939,11.3428,Europe/Rome,7200,"[{'dt': 1697871600, 'sunrise': 1697866597, 'sunset': 1697905303, 'temp': 17.07, 'feels_like': 16.84, 'pressure': 1001, 'humidity': 77, 'dew_point': 13.01, 'uvi': 0.19, 'clouds': 20, 'visibility': 10000, 'wind_speed': 3.09, 'wind_deg': 160, 'weather': [{'id': 801, 'main': 'Clouds', 'description': 'few clouds', 'icon': '02d'}]}]",Bologna
44.4939,11.3428,Europe/Rome,7200,"[{'dt': 1697875200, 'sunrise': 1697866597, 'sunset': 1697905303, 'temp': 19.04, 'feels_like': 18.96, 'pressure': 1001, 'humidity': 75, 'dew_point': 14.51, 'uvi': 0.61, 'clouds': 20, 'visibility': 10000, 'wind_speed': 1.54, 'wind_deg': 160, 'weather': [{'id': 801, 'main': 'Clouds', 'description': 'few clouds', 'icon': '02d'}]}]",Bologna
44.4939,11.3428,Europe/Rome,7200,"[{'dt': 1697878800, 'sunrise': 1697866597, 'sunset': 1697905303, 'temp': 21.21, 'feels_like': 21.19, 'pressure': 1001, 'humidity': 69, 'dew_point': 15.3, 'uvi': 1.22, 'clouds': 0, 'visibility': 10000, 'wind_speed': 1.54, 'wind_deg': 110, 'weather': [{'id': 800, 'main': 'Clear', 'description': 'clear sky', 'icon': '01d'}]}]",Bologna
44.4939,11.3428,Europe/Rome,7200,"[{'dt': 1697882400, 'sunrise': 1697866597, 'sunset': 1697905303, 'temp': 21.75, 'feels_like': 21.68, 'pressure': 1001, 'humidity': 65, 'dew_point': 14.89, 'uvi': 1.73, 'clouds': 0, 'visibility': 10000, 'wind_speed': 3.09, 'wind_deg': 190, 'weather': [{'id': 800, 'main': 'Clear', 'description': 'clear sky', 'icon': '01d'}]}]",Bologna
44.4939,11.3428,Europe/Rome,7200,"[{'dt': 1697886000, 'sunrise': 1697866597, 'sunset': 1697905303, 'temp': 22.68, 'feels_like': 22.57, 'pressure': 1001, 'humidity': 60, 'dew_point': 14.52, 'uvi': 2.04, 'clouds': 20, 'visibility': 10000, 'wind_speed': 4.12, 'wind_deg': 130, 'weather': [{'id': 801, 'main': 'Clouds', 'description': 'few clouds', 'icon': '02d'}]}]",Bologna
44.4939,11.3428,Europe/Rome,7200,"[{'dt': 1697889600, 'sunrise': 1697866597, 'sunset': 1697905303, 'temp': 23.3, 'feels_like': 23.17, 'pressure': 1000, 'humidity': 57, 'dew_point': 14.31, 'uvi': 1.94, 'clouds': 20, 'visibility': 10000, 'wind_speed': 1.54, 'wind_deg': 0, 'weather': [{'id': 801, 'main': 'Clouds', 'description': 'few clouds', 'icon': '02d'}]}]",Bologna
44.4939,11.3428,Europe/Rome,7200,"[{'dt': 1697893200, 'sunrise': 1697866597, 'sunset': 1697905303, 'temp': 22.18, 'feels_like': 22.05, 'pressure': 1001, 'humidity': 61, 'dew_point': 14.31, 'uvi': 1.19, 'clouds': 40, 'visibility': 10000, 'wind_speed': 3.13, 'wind_deg': 179, 'wind_gust': 5.81, 'weather': [{'id': 500, 'main': 'Rain', 'description': 'light rain', 'icon': '10d'}], 'rain': {'1h': 0.36}}]",Bologna
44.4939,11.3428,Europe/Rome,7200,"[{'dt': 1697896800, 'sunrise': 1697866597, 'sunset': 1697905303, 'temp': 19.39, 'feels_like': 19.19, 'pressure': 1002, 'humidity': 69, 'dew_point': 13.56, 'uvi': 0.7, 'clouds': 40, 'visibility': 10000, 'wind_speed': 5.66, 'wind_deg': 270, 'weather': [{'id': 201, 'main': 'Thunderstorm', 'description': 'thunderstorm with rain', 'icon': '11d'}, {'id': 500, 'main': 'Rain', 'description': 'light rain', 'icon': '10d'}], 'rain': {'1h': 1}}]",Bologna
44.4939,11.3428,Europe/Rome,7200,"[{'dt': 1697900400, 'sunrise': 1697866597, 'sunset': 1697905303, 'temp': 16.78, 'feels_like': 16.65, 'pressure': 1002, 'humidity': 82, 'dew_point': 13.69, 'uvi': 0.29, 'clouds': 40, 'visibility': 10000, 'wind_speed': 3.09, 'wind_deg': 190, 'weather': [{'id': 802, 'main': 'Clouds', 'description': 'scattered clouds', 'icon': '03d'}]}]",Bologna
44.4939,11.3428,Europe/Rome,7200,"[{'dt': 1697904000, 'sunrise': 1697866597, 'sunset': 1697905303, 'temp': 16.62, 'feels_like': 16.37, 'pressure': 1002, 'humidity': 78, 'dew_point': 12.77, 'uvi': 0, 'clouds': 0, 'visibility': 10000, 'wind_speed': 3.09, 'wind_deg': 200, 'weather': [{'id': 800, 'main': 'Clear', 'description': 'clear sky', 'icon': '01d'}]}]",Bologna
44.4939,11.3428,Europe/Rome,7200,"[{'dt': 1697907600, 'sunrise': 1697866597, 'sunset': 1697905303, 'temp': 16.3, 'feels_like': 16.05, 'pressure': 1003, 'humidity': 79, 'dew_point': 12.66, 'uvi': 0, 'clouds': 0, 'visibility': 10000, 'wind_speed': 3.09, 'wind_deg': 180, 'weather': [{'id': 800, 'main': 'Clear', 'description': 'clear sky', 'icon': '01n'}]}]",Bologna
44.4939,11.3428,Europe/Rome,7200,"[{'dt': 1697911200, 'sunrise': 1697866597, 'sunset': 1697905303, 'temp': 16.62, 'feels_like': 16.3, 'pressure': 1003, 'humidity': 75, 'dew_point': 12.17, 'uvi': 0, 'clouds': 0, 'visibility': 10000, 'wind_speed': 3.09, 'wind_deg': 160, 'weather': [{'id': 800, 'main': 'Clear', 'description': 'clear sky', 'icon': '01n'}]}]",Bologna
44.4939,11.3428,Europe/Rome,7200,"[{'dt': 1697914800, 'sunrise': 1697866597, 'sunset': 1697905303, 'temp': 17.16, 'feels_like': 16.79, 'pressure': 1003, 'humidity': 71, 'dew_point': 11.86, 'uvi': 0, 'clouds': 0, 'visibility': 10000, 'wind_speed': 2.57, 'wind_deg': 190, 'weather': [{'id': 800, 'main': 'Clear', 'description': 'clear sky', 'icon': '01n'}]}]",Bologna
44.4939,11.3428,Europe/Rome,7200,"[{'dt': 1697918400, 'sunrise': 1697866597, 'sunset': 1697905303, 'temp': 17.39, 'feels_like': 17.01, 'pressure': 1003, 'humidity': 70, 'dew_point': 11.87, 'uvi': 0, 'clouds': 0, 'visibility': 10000, 'wind_speed': 3.6, 'wind_deg': 200, 'weather': [{'id': 800, 'main': 'Clear', 'description': 'clear sky', 'icon': '01n'}]}]",Bologna
44.4939,11.3428,Europe/Rome,7200,"[{'dt': 1697922000, 'sunrise': 1697866597, 'sunset': 1697905303, 'temp': 16.47, 'feels_like': 16.05, 'pressure': 1004, 'humidity': 72, 'dew_point': 11.41, 'uvi': 0, 'clouds': 0, 'visibility': 10000, 'wind_speed': 4.63, 'wind_deg': 190, 'weather': [{'id': 800, 'main': 'Clear', 'description': 'clear sky', 'icon': '01n'}]}]",Bologna
44.4939,11.3428,Europe/Rome,7200,"[{'dt': 1697925600, 'sunrise': 1697953075, 'sunset': 1697991606, 'temp': 16.94, 'feels_like': 16.57, 'pressure': 1005, 'humidity': 72, 'dew_point': 11.86, 'uvi': 0, 'clouds': 0, 'visibility': 10000, 'wind_speed': 4.12, 'wind_deg': 190, 'weather': [{'id': 800, 'main': 'Clear', 'description': 'clear sky', 'icon': '01n'}]}]",Bologna
44.4939,11.3428,Europe/Rome,7200,"[{'dt': 1697929200, 'sunrise': 1697953075, 'sunset': 1697991606, 'temp': 16.73, 'feels_like': 16.39, 'pressure': 1006, 'humidity': 74, 'dew_point': 12.08, 'uvi': 0, 'clouds': 0, 'visibility': 10000, 'wind_speed': 3.13, 'wind_deg': 203, 'wind_gust': 6.26, 'weather': [{'id': 800, 'main': 'Clear', 'description': 'clear sky', 'icon': '01n'}]}]",Bologna
44.4939,11.3428,Europe/Rome,7200,"[{'dt': 1697932800, 'sunrise': 1697953075, 'sunset': 1697991606, 'temp': 16.81, 'feels_like': 16.43, 'pressure': 1006, 'humidity': 72, 'dew_point': 11.74, 'uvi': 0, 'clouds': 0, 'visibility': 10000, 'wind_speed': 3.09, 'wind_deg': 190, 'weather': [{'id': 800, 'main': 'Clear', 'description': 'clear sky', 'icon': '01n'}]}]",Bologna
44.4939,11.3428,Europe/Rome,7200,"[{'dt': 1697936400, 'sunrise': 1697953075, 'sunset': 1697991606, 'temp': 15.79, 'feels_like': 15.36, 'pressure': 1007, 'humidity': 74, 'dew_point': 11.17, 'uvi': 0, 'clouds': 0, 'visibility': 10000, 'wind_speed': 3.6, 'wind_deg': 190, 'weather': [{'id': 800, 'main': 'Clear', 'description': 'clear sky', 'icon': '01n'}]}]",Bologna
44.4939,11.3428,Europe/Rome,7200,"[{'dt': 1697940000, 'sunrise': 1697953075, 'sunset': 1697991606, 'temp': 15.41, 'feels_like': 14.94, 'pressure': 1007, 'humidity': 74, 'dew_point': 10.8, 'uvi': 0, 'clouds': 0, 'visibility': 10000, 'wind_speed': 2.06, 'wind_deg': 230, 'weather': [{'id': 800, 'main': 'Clear', 'description': 'clear sky', 'icon': '01n'}]}]",Bologna
44.4939,11.3428,Europe/Rome,7200,"[{'dt': 1697943600, 'sunrise': 1697953075, 'sunset': 1697991606, 'temp': 15.34, 'feels_like': 14.81, 'pressure': 1008, 'humidity': 72, 'dew_point': 10.33, 'uvi': 0, 'clouds': 0, 'visibility': 10000, 'wind_speed': 2.57, 'wind_deg': 190, 'weather': [{'id': 800, 'main': 'Clear', 'description': 'clear sky', 'icon': '01n'}]}]",Bologna
44.4939,11.3428,Europe/Rome,7200,"[{'dt': 1697947200, 'sunrise': 1697953075, 'sunset': 1697991606, 'temp': 15.34, 'feels_like': 14.84, 'pressure': 1008, 'humidity': 73, 'dew_point': 10.53, 'uvi': 0, 'clouds': 0, 'visibility': 10000, 'wind_speed': 3.6, 'wind_deg': 200, 'weather': [{'id': 800, 'main': 'Clear', 'description': 'clear sky', 'icon': '01n'}]}]",Bologna
44.4939,11.3428,Europe/Rome,7200,"[{'dt': 1697950800, 'sunrise': 1697953075, 'sunset': 1697991606, 'temp': 15.4, 'feels_like': 14.88, 'pressure': 1009, 'humidity': 72, 'dew_point': 10.38, 'uvi': 0, 'clouds': 0, 'visibility': 10000, 'wind_speed': 3.09, 'wind_deg': 210, 'weather': [{'id': 800, 'main': 'Clear', 'description': 'clear sky', 'icon': '01n'}]}]",Bologna
44.4939,11.3428,Europe/Rome,7200,"[{'dt': 1697954400, 'sunrise': 1697953075, 'sunset': 1697991606, 'temp': 16.05, 'feels_like': 15.51, 'pressure': 1009, 'humidity': 69, 'dew_point': 10.37, 'uvi': 0, 'clouds': 0, 'visibility': 10000, 'wind_speed': 3.09, 'wind_deg': 190, 'weather': [{'id': 800, 'main': 'Clear', 'description': 'clear sky', 'icon': '01d'}]}]",Bologna
44.4939,11.3428,Europe/Rome,7200,"[{'dt': 1697958000, 'sunrise': 1697953075, 'sunset': 1697991606, 'temp': 17.03, 'feels_like': 16.59, 'pressure': 1010, 'humidity': 69, 'dew_point': 11.31, 'uvi': 0.21, 'clouds': 0, 'visibility': 10000, 'wind_speed': 3.09, 'wind_deg': 200, 'weather': [{'id': 800, 'main': 'Clear', 'description': 'clear sky', 'icon': '01d'}]}]",Bologna
44.4939,11.3428,Europe/Rome,7200,"[{'dt': 1697961600, 'sunrise': 1697953075, 'sunset': 1697991606, 'temp': 19.61, 'feels_like': 19.19, 'pressure': 1010, 'humidity': 60, 'dew_point': 11.64, 'uvi': 0.68, 'clouds': 0, 'visibility': 10000, 'wind_speed': 2.57, 'wind_deg': 200, 'weather': [{'id': 800, 'main': 'Clear', 'description': 'clear sky', 'icon': '01d'}]}]",Bologna
44.4939,11.3428,Europe/Rome,7200,"[{'dt': 1697965200, 'sunrise': 1697953075, 'sunset': 1697991606, 'temp': 20.73, 'feels_like': 20.29, 'pressure': 1011, 'humidity': 55, 'dew_point': 11.37, 'uvi': 1.37, 'clouds': 0, 'visibility': 10000, 'wind_speed': 1.79, 'wind_deg': 205, 'wind_gust': 4.92, 'weather': [{'id': 800, 'main': 'Clear', 'description': 'clear sky', 'icon': '01d'}]}]",Bologna
44.4939,11.3428,Europe/Rome,7200,"[{'dt': 1697968800, 'sunrise': 1697953076, 'sunset': 1697991605, 'temp': 21.87, 'feels_like': 21.39, 'pressure': 1011, 'humidity': 49, 'dew_point': 10.69, 'uvi': 2.15, 'clouds': 0, 'visibility': 10000, 'wind_speed': 2.24, 'wind_deg': 201, 'wind_gust': 3.58, 'weather': [{'id': 800, 'main': 'Clear', 'description': 'clear sky', 'icon': '01d'}]}]",Bologna
44.4939,11.3428,Europe/Rome,7200,"[{'dt': 1697972400, 'sunrise': 1697953075, 'sunset': 1697991606, 'temp': 23.06, 'feels_like': 22.62, 'pressure': 1011, 'humidity': 46, 'dew_point': 10.82, 'uvi': 2.55, 'clouds': 0, 'visibility': 10000, 'wind_speed': 1.54, 'wind_deg': 350, 'weather': [{'id': 800, 'main': 'Clear', 'description': 'clear sky', 'icon': '01d'}]}]",Bologna
44.4939,11.3428,Europe/Rome,7200,"[{'dt': 1697976000, 'sunrise': 1697953075, 'sunset': 1697991606, 'temp': 23.94, 'feels_like': 23.54, 'pressure': 1011, 'humidity': 44, 'dew_point': 10.95, 'uvi': 2.43, 'clouds': 0, 'visibility': 10000, 'wind_speed': 2.57, 'wind_deg': 20, 'weather': [{'id': 800, 'main': 'Clear', 'description': 'clear sky', 'icon': '01d'}]}]",Bologna
44.4939,11.3428,Europe/Rome,7200,"[{'dt': 1697979600, 'sunrise': 1697953075, 'sunset': 1697991606, 'temp': 22.74, 'feels_like': 22.27, 'pressure': 1011, 'humidity': 46, 'dew_point': 10.53, 'uvi': 1.8, 'clouds': 20, 'visibility': 10000, 'wind_speed': 2.24, 'wind_deg': 207, 'wind_gust': 4.92, 'weather': [{'id': 801, 'main': 'Clouds', 'description': 'few clouds', 'icon': '02d'}]}]",Bologna
44.4939,11.3428,Europe/Rome,7200,"[{'dt': 1697983200, 'sunrise': 1697953075, 'sunset': 1697991606, 'temp': 22.96, 'feels_like': 22.51, 'pressure': 1011, 'humidity': 46, 'dew_point': 10.73, 'uvi': 1.05, 'clouds': 20, 'visibility': 10000, 'wind_speed': 2.68, 'wind_deg': 193, 'wind_gust': 4.92, 'weather': [{'id': 801, 'main': 'Clouds', 'description': 'few clouds', 'icon': '02d'}]}]",Bologna
44.4939,11.3428,Europe/Rome,7200,"[{'dt': 1697986800, 'sunrise': 1697953075, 'sunset': 1697991606, 'temp': 21.85, 'feels_like': 21.37, 'pressure': 1012, 'humidity': 49, 'dew_point': 10.67, 'uvi': 0.42, 'clouds': 20, 'visibility': 10000, 'wind_speed': 2.57, 'wind_deg': 320, 'weather': [{'id': 801, 'main': 'Clouds', 'description': 'few clouds', 'icon': '02d'}]}]",Bologna
44.4939,11.3428,Europe/Rome,7200,"[{'dt': 1697990400, 'sunrise': 1697953075, 'sunset': 1697991606, 'temp': 20.42, 'feels_like': 19.93, 'pressure': 1013, 'humidity': 54, 'dew_point': 10.81, 'uvi': 0, 'clouds': 20, 'visibility': 10000, 'wind_speed': 1.54, 'wind_deg': 320, 'weather': [{'id': 801, 'main': 'Clouds', 'description': 'few clouds', 'icon': '02d'}]}]",Bologna
44.4939,11.3428,Europe/Rome,7200,"[{'dt': 1697994000, 'sunrise': 1697953075, 'sunset': 1697991606, 'temp': 18.1, 'feels_like': 17.58, 'pressure': 1013, 'humidity': 62, 'dew_point': 10.71, 'uvi': 0, 'clouds': 0, 'visibility': 10000, 'wind_speed': 1.79, 'wind_deg': 201, 'wind_gust': 3.58, 'weather': [{'id': 800, 'main': 'Clear', 'description': 'clear sky', 'icon': '01n'}]}]",Bologna
44.4939,11.3428,Europe/Rome,7200,"[{'dt': 1697997600, 'sunrise': 1697953075, 'sunset': 1697991606, 'temp': 17.79, 'feels_like': 17.27, 'pressure': 1014, 'humidity': 63, 'dew_point': 10.66, 'uvi': 0, 'clouds': 0, 'visibility': 10000, 'wind_speed': 2.57, 'wind_deg': 240, 'weather': [{'id': 800, 'main': 'Clear', 'description': 'clear sky', 'icon': '01n'}]}]",Bologna
44.4939,11.3428,Europe/Rome,7200,"[{'dt': 1698001200, 'sunrise': 1697953075, 'sunset': 1697991606, 'temp': 17.07, 'feels_like': 16.53, 'pressure': 1014, 'humidity': 65, 'dew_point': 10.45, 'uvi': 0, 'clouds': 0, 'visibility': 10000, 'wind_speed': 3.09, 'wind_deg': 210, 'weather': [{'id': 800, 'main': 'Clear', 'description': 'clear sky', 'icon': '01n'}]}]",Bologna
44.4939,11.3428,Europe/Rome,7200,"[{'dt': 1698004800, 'sunrise': 1697953075, 'sunset': 1697991606, 'temp': 16.84, 'feels_like': 16.28, 'pressure': 1014, 'humidity': 65, 'dew_point': 10.23, 'uvi': 0, 'clouds': 0, 'visibility': 10000, 'wind_speed': 3.09, 'wind_deg': 200, 'weather': [{'id': 800, 'main': 'Clear', 'description': 'clear sky', 'icon': '01n'}]}]",Bologna
44.4939,11.3428,Europe/Rome,7200,"[{'dt': 1698008400, 'sunrise': 1697953075, 'sunset': 1697991606, 'temp': 15.41, 'feels_like': 14.89, 'pressure': 1015, 'humidity': 72, 'dew_point': 10.39, 'uvi': 0, 'clouds': 0, 'visibility': 10000, 'wind_speed': 2.57, 'wind_deg': 200, 'weather': [{'id': 800, 'main': 'Clear', 'description': 'clear sky', 'icon': '01n'}]}]",Bologna
